data;planilha;comprador;produto;produto_original;categoria;quantidade;preco_unitario;preco_total;marcacao;observacao
2024-04-20;20 Abril de 2024;;Alho (lata);Alho lata;Outros;1;4,39;4,39;;
2024-04-20;20 Abril de 2024;;Amaciante;Amaciente;Limpeza;1;19,99;19,99;;
2024-04-20;20 Abril de 2024;;Arroz;Arroz;Grãos;2;4,98;9,96;;
2024-04-20;20 Abril de 2024;;Carne de hambúrguer;Carne Hanbur.;Carne;16;1,08;17,28;;
2024-04-20;20 Abril de 2024;;Cebola;Cebola (Kg);Outros;2;8,99;17,98;;
2024-04-20;20 Abril de 2024;;Cenoura;Cenosa(Kg);Outros;;7,19;;;
2024-04-20;20 Abril de 2024;;Ervilha/milho;M e Ervilha;Grãos;5;3,35;16,75;;
2024-04-20;20 Abril de 2024;;Espok;Espok;Outros;8;0,79;6,32;;
2024-04-20;20 Abril de 2024;;Farinha (mandioca);Farinha;Grãos;;;;?/👌;
2024-04-20;20 Abril de 2024;;Farinha de trigo;F.Trigo;Grãos;4;3,95;15,80;;
2024-04-20;20 Abril de 2024;;Fígado bovino;Figado;Carne;1;3,79;3,79;;
2024-04-20;20 Abril de 2024;;Frango;Frango(Kg);Carne;;;;!/👌;
2024-04-20;20 Abril de 2024;;Goma;Goma;Grãos;2;;;;
2024-04-20;20 Abril de 2024;;Leite condensado;Leite Cond.;Outros;4;4,88;19,52;;
2024-04-20;20 Abril de 2024;;Macarrão;Macarrão;Grãos;14;2,25;31,50;;
2024-04-20;20 Abril de 2024;;Maionese;Maionese;Outros;2;3,55;7,10;;
2024-04-20;20 Abril de 2024;;Miojo;Miojo;Grãos;2;7,59;15,18;;
2024-04-20;20 Abril de 2024;;Molho de tomate;M. de Tomate;Outros;4;2,49;9,96;;
2024-04-20;20 Abril de 2024;;Mortadela;Mortadela;Carne;1;24,56;24,56;;
2024-04-20;20 Abril de 2024;;Ovos (20 un);Ovos(20un);Outros;2;13,48;26,96;;
2024-04-20;20 Abril de 2024;;Pedra sanitária;P. Sanitária;Limpeza;1;9,18;9,18;;
2024-04-20;20 Abril de 2024;;Polidor;Polidor;Limpeza;1;2,99;2,99;;
2024-04-20;20 Abril de 2024;;Quinó;Quinó;Outros;2;3,69;7,38;;
2024-04-20;20 Abril de 2024;;Sabão em pó;Sabão em pó;Limpeza;1;20,25;20,25;;
2024-04-20;20 Abril de 2024;;Tang;Tang;Outros;20;0,79;15,80;;
2024-04-20;20 Abril de 2024;;Vassoura;vassoura;Limpeza;1;;;;
2024-04-20;20 Abril de 2024;;Veja;Veja;Limpeza;1;10,99;10,99;;
2024-05-04;04 de Maio-2024;;Açúcar;Açucar;Outros;2;4,45;8,90;;
2024-05-04;04 de Maio-2024;;Alho;Alho;Outros;0,3;;;;
2024-05-04;04 de Maio-2024;;Arroz;Arroz;Grãos;2;;;;
2024-05-04;04 de Maio-2024;;Baygon (inseticida);Bayggon;Limpeza;1;14,49;14,49;;
2024-05-04;04 de Maio-2024;;Biscoito recheado;Recheado 4un;Outros;3;7,08;21,24;;
2024-05-04;04 de Maio-2024;;Café;Cafe;Outros;2;;;;
2024-05-04;04 de Maio-2024;;Carne de hambúrguer;Carne Hanbur.;Carne;8;1,39;11,12;;
2024-05-04;04 de Maio-2024;;Creme de leite;C. de Leite;Outros;8;2,75;22,00;;
2024-05-04;04 de Maio-2024;;Ervilha;Ervilha;Grãos;2;2,85;5,70;;
2024-05-04;04 de Maio-2024;;Farinha de trigo;F.Trigo;Grãos;3;3,59;10,77;;
2024-05-04;04 de Maio-2024;;Feijão;Feijao;Grãos;2;6,49;12,98;;
2024-05-04;04 de Maio-2024;;Fígado bovino;Figado B. (Kg);Carne;2;;;;
2024-05-04;04 de Maio-2024;;Goma;Goma;Grãos;2;5,99;11,98;;
2024-05-04;04 de Maio-2024;;Leite condensado;Leite Cond.;Outros;5;4,58;22,90;;
2024-05-04;04 de Maio-2024;;Maionese;Maionese;Outros;2;;;;
2024-05-04;04 de Maio-2024;;Milho verde;Milho Verde;Grãos;4;2,48;9,92;;
2024-05-04;04 de Maio-2024;;Miojo;Miojo;Grãos;10;;;;
2024-05-04;04 de Maio-2024;;Mortadela;Mortadela;Carne;1;;;;
2024-05-04;04 de Maio-2024;;Nescafe;Nescafe;Outros;1;13,99;13,99;;
2024-05-04;04 de Maio-2024;;Óleo de cozinha;Oleo;Outros;1;5,75;5,75;;
2024-05-04;04 de Maio-2024;;Ovos (20 un);Ovos(20un);Outros;2;12,98;25,96;;
2024-05-04;04 de Maio-2024;;P. de frango;P. de frango;Carne;1;19,90;19,90;;
2024-05-04;04 de Maio-2024;;Pasta de dente M;Pasta de Dente;Outros;3;;;;
2024-05-04;04 de Maio-2024;;Pasta de dente M;P. de Dente M;Outros;1;7,89;7,89;;
2024-05-04;04 de Maio-2024;;Pasta de dente P;P. de Dente P;Outros;1;4,29;4,29;;
2024-05-04;04 de Maio-2024;;Pedra sanitária;Pedra Sanitária;Limpeza;6;;;;
2024-05-04;04 de Maio-2024;;Pimentão;Pimentao(Un);Outros;2;;;;
2024-05-04;04 de Maio-2024;;Sal;sal;Outros;1;0,99;0,99;;
2024-05-04;04 de Maio-2024;;Tang;Tang;Outros;13;0,79;10,27;;
2024-05-04;04 de Maio-2024;;Vassoura;vassoura;Limpeza;1;;;;
2024-05-04;04 de Maio-2024;;Vassoura;Vassoura;Limpeza;1;14,99;14,99;;
2024-05-18;18 de Maio-2024;;Açúcar;Açucar;Outros;3;3,38;10,14;;
2024-05-18;18 de Maio-2024;;Alho;Alho;Outros;1;;;;
2024-05-18;18 de Maio-2024;;Amaciante;Amaciente;Limpeza;2;18,99;37,98;;
2024-05-18;18 de Maio-2024;;Baygon (inseticida);Bayggon;Limpeza;1;;;;
2024-05-18;18 de Maio-2024;;Biscoito recheado;Recheado;Outros;9;1,98;17,82;;
2024-05-18;18 de Maio-2024;;Calabresa;Calabresa;Carne;1;42,45;42,45;;
2024-05-18;18 de Maio-2024;;Carne de hambúrguer;Carne Hanbur.;Carne;20;0,98;19,60;;
2024-05-18;18 de Maio-2024;;Creme de leite;C. de Leite;Outros;8;2,98;23,84;;
2024-05-18;18 de Maio-2024;;Farinha de trigo;F.Trigo;Grãos;1;4,05;4,05;;
2024-05-18;18 de Maio-2024;;Farinha de trigo c/ fermento;F. Teigo c/ F.;Grãos;1;4,25;4,25;;
2024-05-18;18 de Maio-2024;;Flocão de milho (cuscuz);Cucuz;Grãos;20;1,38;27,60;;
2024-05-18;18 de Maio-2024;;Leite condensado;Leite Cond.;Outros;5;4,95;24,75;;
2024-05-18;18 de Maio-2024;;Maionese;Maionese;Outros;2;;;;
2024-05-18;18 de Maio-2024;;Manteiga;Manteiga;Outros;1;23,98;23,98;;
2024-05-18;18 de Maio-2024;;Miojo;Miojo;Grãos;2;7,59;15,18;;
2024-05-18;18 de Maio-2024;;Mortadela;Mortadela;Carne;1;43,01;43,01;;
2024-05-18;18 de Maio-2024;;Óleo de cozinha;Oleo;Outros;1;5,88;5,88;;
2024-05-18;18 de Maio-2024;;Ovos (20 un);Ovos(20un);Outros;1;11,98;11,98;;
2024-05-18;18 de Maio-2024;;P. de frango;P. de frango;Carne;2;;;;
2024-05-18;18 de Maio-2024;;Pedra sanitária;Pedra Sanitária;Limpeza;2;;;;
2024-05-18;18 de Maio-2024;;Pimentão;Pimentao(Un);Outros;2;;;;
2024-05-18;18 de Maio-2024;;Sabão em pó;Sabão em pó;Limpeza;1;;;;
2024-05-18;18 de Maio-2024;;Saco de lixo;Saso de lixo;Limpeza;1;7,99;7,99;;
2024-05-18;18 de Maio-2024;;Tang;Tang;Outros;20;0,95;19,00;;
2024-06-08;08 de Junho-2024;;Alho;Alho;Outros;10;3,88;38,80;;
2024-06-08;08 de Junho-2024;;Alho;Alho;Outros;0,115;39,99;4,60;;
2024-06-08;08 de Junho-2024;;Arroz;Arroz;Grãos;6;6,38;38,28;;
2024-06-08;08 de Junho-2024;;Batata-doce;Batata Doce;Outros;1,345;4,75;6,39;;
2024-06-08;08 de Junho-2024;;Café;Cafe;Outros;2;7,48;14,96;;
2024-06-08;08 de Junho-2024;;Calabresa;Calabresa;Carne;1;57,45;57,45;;
2024-06-08;08 de Junho-2024;;Carne de hambúrguer;Carne Hanbur.;Carne;20;1,08;21,60;;
2024-06-08;08 de Junho-2024;;Chimichurri;Chimichurri;Outros;3;1,15;3,45;;
2024-06-08;08 de Junho-2024;;Coxa e sobrecoxa;Coxa/SobreC;Carne;1;8,74;8,74;;
2024-06-08;08 de Junho-2024;;Detergente;Detergente;Limpeza;1;2,59;2,59;;
2024-06-08;08 de Junho-2024;;Farinha de trigo;F.Trigo;Grãos;3,69;4,00;14,76;;
2024-06-08;08 de Junho-2024;;Feijão;Feijao;Grãos;2;6,49;12,98;;
2024-06-08;08 de Junho-2024;;Lemon pepper;Lemon Piper;Outros;1;4,19;4,19;;
2024-06-08;08 de Junho-2024;;Molho de tomate;M. de Tomate;Outros;1,99;6,00;11,94;;
2024-06-08;08 de Junho-2024;;Mortadela;Mortadela;Carne;1;35,70;35,70;;
2024-06-08;08 de Junho-2024;;P. de frango;P. de frango;Carne;1;27,61;27,61;;
2024-06-08;08 de Junho-2024;;Pasta de dente P;P. de Dente P;Outros;3;5,49;16,47;;
2024-06-08;08 de Junho-2024;;Pimentão;Pimentao;Outros;0,385;7,99;3,08;;
2024-06-08;08 de Junho-2024;;Sabão líquido;Sabão Líquido;Limpeza;1;12,79;12,79;;Absolut
2024-06-08;08 de Junho-2024;;Sabonete;Sabobete;Outros;4;1,49;5,96;;
2024-06-08;08 de Junho-2024;;Sal;Sal;Outros;1;0,99;0,99;;
2024-06-08;08 de Junho-2024;;Tang;Tang;Outros;24;0,95;22,80;;
2024-06-08;08 de Junho-2024;;Tempero Edu;Temp Edu;Outros;1;4,29;4,29;;
2024-06-08;08 de Junho-2024;;Tempero Gourmet;Temp Gurme;Outros;1;5,19;5,19;;
2024-06-22;22 de Junho-2024 Juliano;Juliano;Arroz;Arroz;Grãos;5;5,68;28,40;;
2024-06-22;22 de Junho-2024 Juliano;Juliano;Baygon (inseticida);Bayggon;Limpeza;1;;;;
2024-06-22;22 de Junho-2024 Juliano;Juliano;Biscoito recheado;Recheado;Outros;1;8,99;8,99;;
2024-06-22;22 de Junho-2024 Juliano;Juliano;Café;Cafe;Outros;2;8,39;16,78;;
2024-06-22;22 de Junho-2024 Juliano;Juliano;Carne de hambúrguer;Carne Hanbur.;Carne;15;;;;
2024-06-22;22 de Junho-2024 Juliano;Juliano;Carne de lata;Carne de lata;Carne;1;7,49;7,49;;
2024-06-22;22 de Junho-2024 Juliano;Juliano;Cebola;Cebola (Kg);Outros;0,65;6,98;4,54;;
2024-06-22;22 de Junho-2024 Juliano;Juliano;Coxa e sobrecoxa;Coxa/SobreC;Carne;3;32,17;32,17;;
2024-06-22;22 de Junho-2024 Juliano;Juliano;Creme de leite;C. de Leite;Outros;4;2,99;11,96;;
2024-06-22;22 de Junho-2024 Juliano;Juliano;Detergente;Detergente;Limpeza;4;1,88;7,52;;
2024-06-22;22 de Junho-2024 Juliano;Juliano;Fígado de frango;Figado Frango;Carne;2;2,98;5,96;;
2024-06-22;22 de Junho-2024 Juliano;Juliano;Goma;Goma;Grãos;2;4,48;8,96;;
2024-06-22;22 de Junho-2024 Juliano;Juliano;Leite condensado;Leite Cond.;Outros;4;4,96;19,84;;
2024-06-22;22 de Junho-2024 Juliano;Juliano;Macarrão;Macarrão;Grãos;14;2,19;30,66;;
2024-06-22;22 de Junho-2024 Juliano;Juliano;Maionese;Maionese;Outros;2;;;;
2024-06-22;22 de Junho-2024 Juliano;Juliano;Milho verde;Milho Verde;Grãos;2;4,28;8,56;;
2024-06-22;22 de Junho-2024 Juliano;Juliano;Miojo;Miojo;Grãos;12;1,26;15,12;;
2024-06-22;22 de Junho-2024 Juliano;Juliano;Molho de tomate;M. de Tomate;Outros;8;1,65;13,20;;
2024-06-22;22 de Junho-2024 Juliano;Juliano;Mortadela;Mortadela;Carne;1;28,74;28,74;;
2024-06-22;22 de Junho-2024 Juliano;Juliano;Óleo de cozinha;Oleo;Outros;2;6,15;12,30;;
2024-06-22;22 de Junho-2024 Juliano;Juliano;Ovos (20 un);Ovos(20un);Outros;2;;;;
2024-06-22;22 de Junho-2024 Juliano;Juliano;P. de frango;P. de frango;Carne;1;;;;
2024-06-22;22 de Junho-2024 Juliano;Juliano;Pedra sanitária;P. Sanitária;Limpeza;4;;;;
2024-06-22;22 de Junho-2024 Juliano;Juliano;Polidor;Polidor;Limpeza;1;;;;
2024-06-22;22 de Junho-2024 Juliano;Juliano;Sabão em pó Ypê;Sabão em pó Ypê;Limpeza;1;15,98;15,98;;
2024-06-22;22 de Junho-2024 Juliano;Juliano;Sardinha;Sardinha;Carne;2;3,28;6,56;;
2024-06-22;22 de Junho-2024 Juliano;Juliano;Tang;Tang;Outros;20;;;;
2024-06-22;22 de Junho-2024 Juliano;Juliano;Tempero folhas verdes caseiro;Temp. FolVer. Caseiro;Outros;1;1,79;1,79;;
2024-06-22;22 de Junho-2024 Juliano;Juliano;Tempero regional frango;Temp. Reg. Feango;Outros;1;2,39;2,39;;
2024-07-08;08 de Julho-2024 Elias;Elias;Antitranspirante;Antitranspirante;Outros;3;5,16;15,48;;
2024-07-08;08 de Julho-2024 Elias;Elias;Arroz;Arroz;Grãos;4;;;;
2024-07-08;08 de Julho-2024 Elias;Elias;Baygon (inseticida);Bayggon;Limpeza;1;;;;
2024-07-08;08 de Julho-2024 Elias;Elias;Café;Cafe;Outros;2;7,49;14,98;;
2024-07-08;08 de Julho-2024 Elias;Elias;Calabresa;Calabresa;Carne;2,5;21,48;53,70;;
2024-07-08;08 de Julho-2024 Elias;Elias;Carne de hambúrguer;Carne Hanbur.;Carne;20;1,38;27,60;;
2024-07-08;08 de Julho-2024 Elias;Elias;Carne de lata;Carne de lata;Carne;2;9,99;19,98;;
2024-07-08;08 de Julho-2024 Elias;Elias;Cebola;Cebola (Kg);Outros;2;;;;
2024-07-08;08 de Julho-2024 Elias;Elias;Coxa e sobrecoxa;Coxa/SobreC;Carne;2;;32,17;;
2024-07-08;08 de Julho-2024 Elias;Elias;Creme de leite;C. de Leite;Outros;4;2,88;11,52;;
2024-07-08;08 de Julho-2024 Elias;Elias;Empanado;Empanado;Carne;5;1,48;7,40;;
2024-07-08;08 de Julho-2024 Elias;Elias;Fígado de frango;Figado Frango;Carne;2;;;;
2024-07-08;08 de Julho-2024 Elias;Elias;Leite condensado;Leite Cond.;Outros;4;4,75;19,00;;
2024-07-08;08 de Julho-2024 Elias;Elias;Maionese;Maionese;Outros;2;;;;
2024-07-08;08 de Julho-2024 Elias;Elias;Manteiga;Manteiga;Outros;1;22,78;22,78;;
2024-07-08;08 de Julho-2024 Elias;Elias;Molho de tomate;M. de Tomate;Outros;2;;;;
2024-07-08;08 de Julho-2024 Elias;Elias;Mortadela;Mortadela;Carne;1;27,49;27,49;;Aurora
2024-07-08;08 de Julho-2024 Elias;Elias;P. de frango;P. de frango;Carne;1;33,50;33,50;;
2024-07-08;08 de Julho-2024 Elias;Elias;Rapadura;Rapadura;Outros;1;8,99;8,99;;
2024-07-08;08 de Julho-2024 Elias;Elias;Sabonete líquido;Sabonete líquido;Outros;2;13,39;26,78;;Protex
2024-07-08;08 de Julho-2024 Elias;Elias;Sardinha;Sardinha;Carne;2;4,39;8,78;;
2024-07-08;08 de Julho-2024 Elias;Elias;Tang;Tang;Outros;12;1,01;12,12;;
2024-07-20;20 de Julho-2024 Juliano;Juliano;Açúcar;Açucar;Outros;2;;;-/👌;
2024-07-20;20 de Julho-2024 Juliano;Juliano;Arroz;Arroz;Grãos;5;5,55;27,75;;
2024-07-20;20 de Julho-2024 Juliano;Juliano;Biscoito recheado;Recheado;Outros;8;2,45;19,60;;
2024-07-20;20 de Julho-2024 Juliano;Juliano;Carne de hambúrguer;Carne Hanbur.;Carne;10;1,39;13,90;;
2024-07-20;20 de Julho-2024 Juliano;Juliano;Carne de lata;Carne de lata;Carne;2;5,98;11,96;;
2024-07-20;20 de Julho-2024 Juliano;Juliano;Chimichurri;Chimichurri;Outros;3;1,29;3,87;;
2024-07-20;20 de Julho-2024 Juliano;Juliano;Coxa e sobrecoxa;Coxa/SobreC;Carne;;;32,17;;
2024-07-20;20 de Julho-2024 Juliano;Juliano;Creme de leite;C. de Leite;Outros;8;2,78;22,24;;
2024-07-20;20 de Julho-2024 Juliano;Juliano;Empanado;Empanado;Carne;10;;;-/👌;
2024-07-20;20 de Julho-2024 Juliano;Juliano;Ervilha;Ervilha;Grãos;4;;;-/👌;
2024-07-20;20 de Julho-2024 Juliano;Juliano;Esponja;Esponja;Limpeza;;3,08;;;Pc cm 4 un
2024-07-20;20 de Julho-2024 Juliano;Juliano;Farinha de trigo;F.Trigo;Grãos;3;;;-/👌;
2024-07-20;20 de Julho-2024 Juliano;Juliano;Feijão;Feijao;Grãos;2;;;-/👌;
2024-07-20;20 de Julho-2024 Juliano;Juliano;Flocão de milho (cuscuz);Cucuz;Grãos;10;1,58;15,80;;
2024-07-20;20 de Julho-2024 Juliano;Juliano;Frisco;Frisco;Outros;20;0,89;17,80;;
2024-07-20;20 de Julho-2024 Juliano;Juliano;Goma;Goma;Grãos;1;4,68;4,68;;
2024-07-20;20 de Julho-2024 Juliano;Juliano;Leite condensado;Leite Cond.;Outros;4;4,99;19,96;;
2024-07-20;20 de Julho-2024 Juliano;Juliano;Lemon pepper;Limon Pepperr;Outros;1;3,25;3,25;;
2024-07-20;20 de Julho-2024 Juliano;Juliano;Macarrão;Macarrão;Grãos;12;2,18;26,16;;
2024-07-20;20 de Julho-2024 Juliano;Juliano;Milho verde;Milho Verde;Grãos;4;2,99;11,96;;
2024-07-20;20 de Julho-2024 Juliano;Juliano;Mistura bolo;Mistura Bolo;Outros;2;4,38;8,76;;brandine 400g
2024-07-20;20 de Julho-2024 Juliano;Juliano;Molho de tomate;M. de Tomate;Outros;10;1,65;16,50;;
2024-07-20;20 de Julho-2024 Juliano;Juliano;Mortadela;Mortadela;Carne;1;66,77;66,77;;Aurora
2024-07-20;20 de Julho-2024 Juliano;Juliano;Ovos (30 un);Ovos(30un);Outros;1;15,98;15,98;;
2024-07-20;20 de Julho-2024 Juliano;Juliano;Pasta de dente M;P. de Dente M;Outros;1;;;;
2024-07-20;20 de Julho-2024 Juliano;Juliano;Sal;Sal;Outros;1;1,05;1,05;;
2024-07-20;20 de Julho-2024 Juliano;Juliano;Sardinha;Sardinha;Carne;2;4,39;8,78;;
2024-07-20;20 de Julho-2024 Juliano;Juliano;Tempero baiano;Temp. Baiano;Outros;1;2,09;2,09;;
2024-08-10;10 de Agosto-2024 Elias;Elias;Açúcar;Açucar;Outros;6;3,75;22,50;;
2024-08-10;10 de Agosto-2024 Elias;Elias;Amaciante;Amaciente;Limpeza;1;19,99;19,99;;
2024-08-10;10 de Agosto-2024 Elias;Elias;Arroz;Arroz;Grãos;5;5,58;27,90;;
2024-08-10;10 de Agosto-2024 Elias;Elias;Baygon (inseticida);Bayggon;Limpeza;2;14,49;28,98;;
2024-08-10;10 de Agosto-2024 Elias;Elias;Biscoito recheado;Recheado;Outros;2;2,59;5,18;;
2024-08-10;10 de Agosto-2024 Elias;Elias;Café;Cafe;Outros;2;8,48;16,96;;
2024-08-10;10 de Agosto-2024 Elias;Elias;Calabresa;Calabresa;Carne;1;;;;
2024-08-10;10 de Agosto-2024 Elias;Elias;Carne de hambúrguer;Carne Hanbur.;Carne;8;1,29;10,32;;
2024-08-10;10 de Agosto-2024 Elias;Elias;Carne de lata;Carne de lata;Carne;2;;;;
2024-08-10;10 de Agosto-2024 Elias;Elias;Coxa e sobrecoxa;Coxa/SobreC;Carne;;;32,17;;
2024-08-10;10 de Agosto-2024 Elias;Elias;Creme de leite;C. de Leite;Outros;6;2,55;15,30;;
2024-08-10;10 de Agosto-2024 Elias;Elias;Depósito;Depósito;Outros;1;31,99;31,99;;4 em 1
2024-08-10;10 de Agosto-2024 Elias;Elias;Detergente;Detergente;Limpeza;2;;;;
2024-08-10;10 de Agosto-2024 Elias;Elias;Empanado;Empanado;Carne;10;;;;
2024-08-10;10 de Agosto-2024 Elias;Elias;Ervilha;Ervilha;Grãos;4;;;;
2024-08-10;10 de Agosto-2024 Elias;Elias;Escova de dente;Escova de dente;Outros;1;10,49;10,49;;3 em 1
2024-08-10;10 de Agosto-2024 Elias;Elias;Esponja;Esponja;Limpeza;4;;;;Pc cm 4 un
2024-08-10;10 de Agosto-2024 Elias;Elias;Farinha de trigo;F.Trigo;Grãos;3;;;;
2024-08-10;10 de Agosto-2024 Elias;Elias;Feijão;Feijao;Grãos;3;4,98;14,94;;
2024-08-10;10 de Agosto-2024 Elias;Elias;Fígado bovino;Figado B. (Kg);Carne;2;;;;
2024-08-10;10 de Agosto-2024 Elias;Elias;Flocão de milho (cuscuz);Cucuz;Grãos;10;1,15;11,50;;400g
2024-08-10;10 de Agosto-2024 Elias;Elias;Frisco;Frisco;Outros;20;0,85;17,00;;
2024-08-10;10 de Agosto-2024 Elias;Elias;Goma;Goma;Grãos;1;;;;
2024-08-10;10 de Agosto-2024 Elias;Elias;Leite condensado;Leite Cond.;Outros;4;;;;
2024-08-10;10 de Agosto-2024 Elias;Elias;Maionese;Maionese;Outros;1;3,55;3,55;;
2024-08-10;10 de Agosto-2024 Elias;Elias;Manteiga;Manteiga;Outros;1;;;;
2024-08-10;10 de Agosto-2024 Elias;Elias;Milho verde;Milho Verde;Grãos;4;;;;
2024-08-10;10 de Agosto-2024 Elias;Elias;Miojo;Miojo;Grãos;2;;;;
2024-08-10;10 de Agosto-2024 Elias;Elias;Mistura bolo;Mistura Bolo;Outros;2;;;;brandine 400g
2024-08-10;10 de Agosto-2024 Elias;Elias;Molho de tomate;M. de Tomate;Outros;2;2,08;4,16;;
2024-08-10;10 de Agosto-2024 Elias;Elias;Mortadela;Mortadela;Carne;1;;;-/👌;Aurora
2024-08-10;10 de Agosto-2024 Elias;Elias;Ovos (30 un);Ovos(30un);Outros;1;14,98;14,98;;
2024-08-10;10 de Agosto-2024 Elias;Elias;Pasta de dente P;P. de Dente P;Outros;2;;;-/👌;
2024-08-10;10 de Agosto-2024 Elias;Elias;Pedra sanitária;Pedra Sanitária;Limpeza;4;2,59;10,36;;
2024-08-10;10 de Agosto-2024 Elias;Elias;Pimentão;Pimentao;Outros;2;;;;
2024-08-10;10 de Agosto-2024 Elias;Elias;Sabão em pó Ypê;Sabão em pó Ypê;Limpeza;2;13,78;27,56;;
2024-08-10;10 de Agosto-2024 Elias;Elias;Sabão líquido;Sabão Líquido;Limpeza;1;;;-/👌;Absolut
2024-08-10;10 de Agosto-2024 Elias;Elias;Sardinha;Sardinha;Carne;2;4,35;8,70;;
2024-08-10;10 de Agosto-2024 Elias;Elias;Shampoo;shampoo;Outros;1;10,49;10,49;;
2024-08-24;24 de Agosto-2024 Juliano;Juliano;Biscoito recheado;Recheado;Outros;4;;;;
2024-08-24;24 de Agosto-2024 Juliano;Juliano;Café;Cafe;Outros;1;;;;
2024-08-24;24 de Agosto-2024 Juliano;Juliano;Calabresa;Calabresa;Carne;1;67,47;67,47;;
2024-08-24;24 de Agosto-2024 Juliano;Juliano;Carne de hambúrguer;Carne Hanbur.;Carne;20;0,85;17,00;;
2024-08-24;24 de Agosto-2024 Juliano;Juliano;Carne de lata;Carne de lata;Carne;2;;;;
2024-08-24;24 de Agosto-2024 Juliano;Juliano;Cebola;Cebola (Kg);Outros;2;;;;
2024-08-24;24 de Agosto-2024 Juliano;Juliano;Creme de leite;C. de Leite;Outros;6;3,49;20,94;;
2024-08-24;24 de Agosto-2024 Juliano;Juliano;Empanado;Empanado;Carne;8;;;;
2024-08-24;24 de Agosto-2024 Juliano;Juliano;Ervilha;Ervilha;Grãos;2;;;;
2024-08-24;24 de Agosto-2024 Juliano;Juliano;Frisco;Frisco;Outros;20;;;;
2024-08-24;24 de Agosto-2024 Juliano;Juliano;Leite condensado;Leite Cond.;Outros;4;5,65;22,60;;
2024-08-24;24 de Agosto-2024 Juliano;Juliano;Maionese;Maionese;Outros;1;7,99;7,99;;
2024-08-24;24 de Agosto-2024 Juliano;Juliano;Milho verde;Milho Verde;Grãos;4;;;;
2024-08-24;24 de Agosto-2024 Juliano;Juliano;Miojo;Miojo;Grãos;2;6,49;12,98;;pc cm 6un
2024-08-24;24 de Agosto-2024 Juliano;Juliano;Misturinha;Misturinha;Outros;4;6,49;25,96;;
2024-08-24;24 de Agosto-2024 Juliano;Juliano;Molho de tomate;M. de Tomate;Outros;6;2,35;14,10;;
2024-08-24;24 de Agosto-2024 Juliano;Juliano;Mortadela;Mortadela;Carne;1;35,04;35,04;;
2024-08-24;24 de Agosto-2024 Juliano;Juliano;Óleo de cozinha;Oleo;Outros;1;6,58;6,58;;
2024-08-24;24 de Agosto-2024 Juliano;Juliano;P. de frango;P. de frango;Carne;1;72,24;72,24;;
2024-08-24;24 de Agosto-2024 Juliano;Juliano;Pedra sanitária;P. Sanitária;Limpeza;4;;;;
2024-08-24;24 de Agosto-2024 Juliano;Juliano;Sabonete;Sabobete;Outros;6;1,49;8,94;;
2024-08-24;24 de Agosto-2024 Juliano;Juliano;Sardinha;Sardinha;Carne;2;;;-/👌;
2024-08-24;24 de Agosto-2024 Juliano;Juliano;Shampoo;shampoo;Outros;1;9,49;9,49;;
2024-08-24;24 de Agosto-2024 Juliano;Juliano;Tempero folhas verdes caseiro;Temp. FolVer. Caseiro;Outros;1;3,45;3,45;;tempero gourmet
2024-08-24;24 de Agosto-2024 Juliano;Juliano;Tempero regional frango;Temp. Reg. Feango;Outros;1;2,45;2,45;;
2024-09-07;7 de Setembro-2024 Elias;Elias;Açúcar;Açucar;Outros;5;3,69;18,45;;
2024-09-07;7 de Setembro-2024 Elias;Elias;Arroz;Arroz;Grãos;5;5,25;26,25;;
2024-09-07;7 de Setembro-2024 Elias;Elias;Café;Cafe;Outros;2;9,49;18,98;;
2024-09-07;7 de Setembro-2024 Elias;Elias;Carne de hambúrguer;Carne Hanbur.;Carne;10;1,29;12,90;;
2024-09-07;7 de Setembro-2024 Elias;Elias;Creme de leite;C. de Leite;Outros;8;2,28;18,24;;
2024-09-07;7 de Setembro-2024 Elias;Elias;Detergente;Detergente;Limpeza;4;2,59;10,36;;
2024-09-07;7 de Setembro-2024 Elias;Elias;Frisco;Frisco;Outros;28;0,75;21,00;;
2024-09-07;7 de Setembro-2024 Elias;Elias;Goma;Goma;Grãos;2;5,29;10,58;;
2024-09-07;7 de Setembro-2024 Elias;Elias;Iogurte;Iogurte;Outros;2;4,98;9,96;;
2024-09-07;7 de Setembro-2024 Elias;Elias;Leite condensado;Leite Cond.;Outros;4;6,70;26,80;;
2024-09-07;7 de Setembro-2024 Elias;Elias;Milho verde;Milho Verde;Grãos;8;2,48;19,84;;
2024-09-07;7 de Setembro-2024 Elias;Elias;Miojo;Miojo;Grãos;2;5,79;11,58;;pc cm 6un
2024-09-07;7 de Setembro-2024 Elias;Elias;Molho de tomate;M. de Tomate;Outros;6;1,58;9,48;;
2024-09-07;7 de Setembro-2024 Elias;Elias;Mortadela;Mortadela;Carne;1;40,12;40,12;;
2024-09-07;7 de Setembro-2024 Elias;Elias;Óleo de cozinha;Oleo;Outros;14;2,25;31,50;;
2024-09-07;7 de Setembro-2024 Elias;Elias;Ovos (20 un);Ovos(20un);Outros;1;9,75;9,75;;
2024-09-07;7 de Setembro-2024 Elias;Elias;P. de frango;P. de frango;Carne;1;48,06;48,06;;
2024-09-07;7 de Setembro-2024 Elias;Elias;Pasta de dente M;P. de Dente M;Outros;1;6,85;6,85;;
2024-09-21;21 de Setembro-2024 Juliano;Juliano;Alho;Alho;Outros;0,5;;;;
2024-09-21;21 de Setembro-2024 Juliano;Juliano;Amaciante;Amaciente;Limpeza;1;;;;
2024-09-21;21 de Setembro-2024 Juliano;Juliano;Arroz;Arroz;Grãos;5;5,28;26,40;;
2024-09-21;21 de Setembro-2024 Juliano;Juliano;Baygon (inseticida);Bayggon;Limpeza;1;;;;
2024-09-21;21 de Setembro-2024 Juliano;Juliano;Calabresa;Calabresa;Carne;1;62,45;62,45;;testando nova marca, Rezende
2024-09-21;21 de Setembro-2024 Juliano;Juliano;Capa de filé;Capa de Filé;Carne;1;23,69;23,69;;
2024-09-21;21 de Setembro-2024 Juliano;Juliano;Carne de hambúrguer;Carne Hanbur.;Carne;20;;;;
2024-09-21;21 de Setembro-2024 Juliano;Juliano;Carne moída;Carne muida;Carne;1;48,35;48,35;;Capa Filé
2024-09-21;21 de Setembro-2024 Juliano;Juliano;Cebola;Cebola (Kg);Outros;2;;;;
2024-09-21;21 de Setembro-2024 Juliano;Juliano;Chimichurri;Chimichurri;Outros;2;2,28;4,56;;
2024-09-21;21 de Setembro-2024 Juliano;Juliano;Creme de leite;C. de Leite;Outros;4;2,68;10,72;;
2024-09-21;21 de Setembro-2024 Juliano;Juliano;Farinha láctea;farinha lactea;Outros;1;14,98;14,98;;600g
2024-09-21;21 de Setembro-2024 Juliano;Juliano;Iogurte;Iogurte;Outros;5;4,78;23,90;;
2024-09-21;21 de Setembro-2024 Juliano;Juliano;Leite condensado;leite condensado;Outros;4;6,49;25,96;;
2024-09-21;21 de Setembro-2024 Juliano;Juliano;Lemon pepper;Lemon Piper;Outros;1;2,28;2,28;;
2024-09-21;21 de Setembro-2024 Juliano;Juliano;Macarrão;Macarrão;Grãos;5;2,35;11,75;;
2024-09-21;21 de Setembro-2024 Juliano;Juliano;Maionese;Maionese;Outros;2;2,48;4,96;;
2024-09-21;21 de Setembro-2024 Juliano;Juliano;Manteiga;Manteiga;Outros;1;;;;
2024-09-21;21 de Setembro-2024 Juliano;Juliano;Mortadela;Mortadela;Carne;1;56,08;56,08;;
2024-09-21;21 de Setembro-2024 Juliano;Juliano;Ovos (20 un);Ovos(20un);Outros;1;;;;
2024-09-21;21 de Setembro-2024 Juliano;Juliano;Pedra sanitária;Pedra Sanitária;Limpeza;4;;;;
2024-09-21;21 de Setembro-2024 Juliano;Juliano;Queijo;Queijo;Outros;1;32,00;32,00;;
2024-09-21;21 de Setembro-2024 Juliano;Juliano;Sabonete;Sabobete;Outros;4;;;;
2024-09-21;21 de Setembro-2024 Juliano;Juliano;Sabonete líquido;Sabonete líquido;Outros;1;;;;Protex
2024-09-21;21 de Setembro-2024 Juliano;Juliano;Shampoo;shampoo;Outros;1;;;;
2024-09-21;21 de Setembro-2024 Juliano;Juliano;Tempero baiano;Temp. Baiano;Outros;1;2,28;2,28;;
2024-09-21;21 de Setembro-2024 Juliano;Juliano;Tempero Edu;Temp Edu;Outros;2;;;-/👌;
2024-09-21;21 de Setembro-2024 Juliano;Juliano;Tempero folhas verdes caseiro;Temp. FolVer. Caseiro;Outros;1;;;-/👌;tempero gourmet
2024-09-21;21 de Setembro-2024 Juliano;Juliano;Tempero Gourmet;Temp Gurme;Outros;2;;;-/👌;
2024-10-20;20 de outubro-2024 Juliano;Juliano;Amaciante;Amaciente;Limpeza;1;19,00;19,00;;
2024-10-20;20 de outubro-2024 Juliano;Juliano;Arroz;Arroz;Grãos;3;5,38;16,14;;
2024-10-20;20 de outubro-2024 Juliano;Juliano;Batata palha;Batata Palha;Outros;1;18,98;18,98;;
2024-10-20;20 de outubro-2024 Juliano;Juliano;Café;Cafe;Outros;2;9,95;19,90;;
2024-10-20;20 de outubro-2024 Juliano;Juliano;Calabresa;Calabresa;Carne;1;42,47;42,47;;testando nova marca, Rezende
2024-10-20;20 de outubro-2024 Juliano;Juliano;Carne de hambúrguer;Carne Hanbur.;Carne;20;1,08;21,60;;
2024-10-20;20 de outubro-2024 Juliano;Juliano;Detergente;Detergente;Limpeza;2;2,59;5,18;;
2024-10-20;20 de outubro-2024 Juliano;Juliano;Farinha de trigo;F.Trigo;Grãos;3;3,88;11,64;;
2024-10-20;20 de outubro-2024 Juliano;Juliano;Farinha láctea;farinha lactea;Outros;1;17,59;17,59;;
2024-10-20;20 de outubro-2024 Juliano;Juliano;Frisco;Frisco;Outros;14;0,89;12,46;;
2024-10-20;20 de outubro-2024 Juliano;Juliano;Milho verde;Milho Verde;Grãos;6;2,65;15,90;;
2024-10-20;20 de outubro-2024 Juliano;Juliano;Molho de tomate;M. de Tomate;Outros;2;2,35;;2.35/👌;
2024-10-20;20 de outubro-2024 Juliano;Juliano;Pedra sanitária;P. Sanitária;Limpeza;4;4,19;16,76;;
2024-10-20;20 de outubro-2024 Juliano;Juliano;Prendedor de roupa;Pegador se roupa;Outros;2;4,49;8,98;;600g
2024-10-20;20 de outubro-2024 Juliano;Juliano;Sabonete;Sabobete;Outros;2;1,48;2,96;;
2024-10-20;20 de outubro-2024 Juliano;Juliano;Shampoo;shampoo;Outros;1;12,48;12,48;;clear
2024-11-03;03 de Novembro-2024 Elias;Elias;Arroz;Arroz;Grãos;2;6,09;12,18;;
2024-11-03;03 de Novembro-2024 Elias;Elias;Baygon (inseticida);Bayggon;Limpeza;1;15,99;15,99;;
2024-11-03;03 de Novembro-2024 Elias;Elias;Café;Cafe;Outros;2;10,19;20,38;;
2024-11-03;03 de Novembro-2024 Elias;Elias;Calabresa;Calabresa;Carne;1;64,97;64,97;;testando nova marca, Rezende
2024-11-03;03 de Novembro-2024 Elias;Elias;Carne de hambúrguer;Carne Hanbur.;Carne;30;0,78;23,40;;
2024-11-03;03 de Novembro-2024 Elias;Elias;Chimichurri;Chimichurri;Outros;1;;;-/👌;
2024-11-03;03 de Novembro-2024 Elias;Elias;Chimichurri;Chimichurri;Outros;5;1,15;5,75;;
2024-11-03;03 de Novembro-2024 Elias;Elias;Creme de leite;C. de Leite;Outros;6;6,00;36,00;;
2024-11-03;03 de Novembro-2024 Elias;Elias;Empanado;Empanado;Carne;10;;;-/👌;
2024-11-03;03 de Novembro-2024 Elias;Elias;Farinha de trigo;F.Trigo;Grãos;2;;;-/👌;
2024-11-03;03 de Novembro-2024 Elias;Elias;Farinha láctea;farinha lactea;Outros;1;;;-/👌;
2024-11-03;03 de Novembro-2024 Elias;Elias;Flocão de milho (cuscuz);Cucuz;Grãos;15;1,75;26,25;;400g
2024-11-03;03 de Novembro-2024 Elias;Elias;Frango;Frango(Kg);Carne;2;;;-/👌;
2024-11-03;03 de Novembro-2024 Elias;Elias;Frisco;Frisco;Outros;12;0,85;10,20;;
2024-11-03;03 de Novembro-2024 Elias;Elias;Goma;Goma;Grãos;2;5,48;10,96;;
2024-11-03;03 de Novembro-2024 Elias;Elias;Iogurte;iogurte;Outros;4;;;;
2024-11-03;03 de Novembro-2024 Elias;Elias;Leite condensado;Leite Cond.;Outros;4;;;-/👌;
2024-11-03;03 de Novembro-2024 Elias;Elias;Lemon pepper;Lemon Piper;Outros;1;;;-/👌;
2024-11-03;03 de Novembro-2024 Elias;Elias;Macarrão;Macarrão;Grãos;14;2,25;31,50;;
2024-11-03;03 de Novembro-2024 Elias;Elias;Milho verde;Milho Verde;Grãos;6;2,65;15,90;;
2024-11-03;03 de Novembro-2024 Elias;Elias;Miojo;Miojo;Grãos;2;7,99;15,98;;pc cm 6un
2024-11-03;03 de Novembro-2024 Elias;Elias;Molho de tomate;M. de Tomate;Outros;1;1,85;1,85;;
2024-11-03;03 de Novembro-2024 Elias;Elias;Mortadela;Mortadela;Carne;1;56,67;56,67;;defumado
2024-11-03;03 de Novembro-2024 Elias;Elias;Óleo de cozinha;Oleo;Outros;1;;;-/👌;
2024-11-03;03 de Novembro-2024 Elias;Elias;Pasta de dente M;P. de Dente M;Outros;1;6,28;6,28;;
2024-11-03;03 de Novembro-2024 Elias;Elias;Pedra sanitária;Pedra Sanitária;Limpeza;4;;;-/👌;
2024-11-03;03 de Novembro-2024 Elias;Elias;Pimentão;Pimentao;Outros;2;;;;
2024-11-03;03 de Novembro-2024 Elias;Elias;Sabão em pó Ypê;Sabão em pó Ypê;Limpeza;2;7,55;15,10;;800g
2024-11-03;03 de Novembro-2024 Elias;Elias;Sabonete;Sabobete;Outros;2;;;-/👌;
2024-11-03;03 de Novembro-2024 Elias;Elias;Salsa;salsa;Outros;1;1,25;1,25;;
2024-11-03;03 de Novembro-2024 Elias;Elias;Shampoo;shampoo;Outros;1;;;-/👌;
2024-11-03;03 de Novembro-2024 Elias;Elias;Tempero Edu;Temp Edu;Outros;1;3,45;3,45;;
2024-11-03;03 de Novembro-2024 Elias;Elias;Tempero folhas verdes caseiro;Temp. FolVer. Caseiro;Outros;1;;;-/👌;tempero gourmet
2024-11-03;03 de Novembro-2024 Elias;Elias;Tempero Gourmet;Temp Gurme;Outros;1;;;-/👌;
2024-11-23;23 de Novembro-2024 Juliano;Juliano;Alho;Alho;Outros;1;;;;
2024-11-23;23 de Novembro-2024 Juliano;Juliano;Arroz;Arroz;Grãos;5;5,28;26,40;;
2024-11-23;23 de Novembro-2024 Juliano;Juliano;Baygon (inseticida);Bayggon;Limpeza;1;;;;
2024-11-23;23 de Novembro-2024 Juliano;Juliano;Bolacha;Bolacha;Outros;3;4,69;14,07;;
2024-11-23;23 de Novembro-2024 Juliano;Juliano;Café;Cafe;Outros;1;10,38;10,38;;
2024-11-23;23 de Novembro-2024 Juliano;Juliano;Carne de hambúrguer;Carne Hanbur.;Carne;20;0,88;17,60;;
2024-11-23;23 de Novembro-2024 Juliano;Juliano;Cebola;Cebola (Kg);Outros;1;;;;
2024-11-23;23 de Novembro-2024 Juliano;Juliano;Farinha (mandioca);Farinha;Grãos;2;3,68;7,36;;
2024-11-23;23 de Novembro-2024 Juliano;Juliano;Farinha de trigo;F.Trigo;Grãos;2;3,69;7,38;;
2024-11-23;23 de Novembro-2024 Juliano;Juliano;Farinha láctea;farinha lactea;Outros;1;5,28;5,28;;
2024-11-23;23 de Novembro-2024 Juliano;Juliano;Frisco;Frisco;Outros;12;0,95;11,40;;
2024-11-23;23 de Novembro-2024 Juliano;Juliano;Iogurte;Iogurte;Outros;4;3,99;15,96;;
2024-11-23;23 de Novembro-2024 Juliano;Juliano;Leite condensado;Leite Cond.;Outros;2;;;;
2024-11-23;23 de Novembro-2024 Juliano;Juliano;Manteiga;Manteiga;Outros;1;23,99;23,99;;
2024-11-23;23 de Novembro-2024 Juliano;Juliano;Miojo;Miojo;Grãos;6;1,09;6,54;;
2024-11-23;23 de Novembro-2024 Juliano;Juliano;Molho de tomate;M. de Tomate;Outros;4;;;;
2024-11-23;23 de Novembro-2024 Juliano;Juliano;Mortadela;Mortadela;Carne;2;31,72;63,44;;
2024-11-23;23 de Novembro-2024 Juliano;Juliano;Óleo de cozinha;Oleo;Outros;1;;;;
2024-11-23;23 de Novembro-2024 Juliano;Juliano;Pedra sanitária;P. Sanitária;Limpeza;4;;;;
2024-11-23;23 de Novembro-2024 Juliano;Juliano;Sabão em pó Ypê;Sabão em pó Ypê;Limpeza;1;;;;
2024-11-23;23 de Novembro-2024 Juliano;Juliano;Sabonete;Sabobete;Outros;8;1,29;10,32;;
2024-11-23;23 de Novembro-2024 Juliano;Juliano;Sabonete líquido;Sabonete líquido;Outros;1;;;;
2024-11-23;23 de Novembro-2024 Juliano;Juliano;Sabores (para dindin);sabores;Outros;4;;;;para dindin
2024-11-23;23 de Novembro-2024 Juliano;Juliano;Sucrilhos;Sucrilhos;Grãos;2;5,99;11,98;;chocolate e leite condensado
2024-11-23;23 de Novembro-2024 Juliano;Juliano;Wafer;waffer;Outros;4;1,59;6,36;;
2024-12-07;07 de Dezembro-2024 Elias;Elias;Amaciante;Amaciente;Limpeza;1;23,98;23,98;;sachê
2024-12-07;07 de Dezembro-2024 Elias;Elias;Arroz;Arroz;Grãos;5;5,28;26,40;;
2024-12-07;07 de Dezembro-2024 Elias;Elias;Baygon (inseticida);Bayggon;Limpeza;1;16,59;16,59;;
2024-12-07;07 de Dezembro-2024 Elias;Elias;Café;Cafe;Outros;1;10,48;10,48;;
2024-12-07;07 de Dezembro-2024 Elias;Elias;Calabresa;Calabresa;Carne;2,5;21,48;53,70;;
2024-12-07;07 de Dezembro-2024 Elias;Elias;Carne de hambúrguer;Carne Hanbur.;Carne;8;1,50;12,00;;
2024-12-07;07 de Dezembro-2024 Elias;Elias;Cebola;Cebola (Kg);Outros;0,5;;;;
2024-12-07;07 de Dezembro-2024 Elias;Elias;Creme de leite;C. de Leite;Outros;2;3,29;6,58;;
2024-12-07;07 de Dezembro-2024 Elias;Elias;Detergente;Detergente;Limpeza;2;;;;
2024-12-07;07 de Dezembro-2024 Elias;Elias;Ervilha;Ervilha;Grãos;4;;;;
2024-12-07;07 de Dezembro-2024 Elias;Elias;Escova de dente;Escova de dente;Outros;1;10,69;10,69;;colgate zig carvão
2024-12-07;07 de Dezembro-2024 Elias;Elias;Esponja;Esponja;Limpeza;6;;;;
2024-12-07;07 de Dezembro-2024 Elias;Elias;Essência (aromatizador);essência;Limpeza;2;18,00;36,00;;
2024-12-07;07 de Dezembro-2024 Elias;Elias;Farinha de trigo;F.Trigo;Grãos;2;4,29;8,58;;
2024-12-07;07 de Dezembro-2024 Elias;Elias;Farinha láctea;farinha lactea;Outros;1;19,99;19,99;;
2024-12-07;07 de Dezembro-2024 Elias;Elias;Frisco;Frisco;Outros;10;0,95;9,50;;
2024-12-07;07 de Dezembro-2024 Elias;Elias;Hidratante;hidratante;Outros;1;10,00;10,00;;
2024-12-07;07 de Dezembro-2024 Elias;Elias;Iogurte;Iogurte;Outros;4;3,75;15,00;;
2024-12-07;07 de Dezembro-2024 Elias;Elias;Ketchup;catchup;Outros;1;9,99;9,99;;
2024-12-07;07 de Dezembro-2024 Elias;Elias;Leite condensado;Leite Cond.;Outros;4;5,79;23,16;;
2024-12-07;07 de Dezembro-2024 Elias;Elias;Maionese;Maionese;Outros;1;6,90;6,90;;
2024-12-07;07 de Dezembro-2024 Elias;Elias;Milho verde;Milho Verde;Grãos;8;;;;
2024-12-07;07 de Dezembro-2024 Elias;Elias;Miojo;Miojo;Grãos;12;0,95;11,40;;
2024-12-07;07 de Dezembro-2024 Elias;Elias;Molho de tomate;M. de Tomate;Outros;6;1,65;9,90;;
2024-12-07;07 de Dezembro-2024 Elias;Elias;Mortadela;Mortadela;Carne;1;36,65;36,65;;
2024-12-07;07 de Dezembro-2024 Elias;Elias;Óleo de cozinha;Oleo;Outros;1;8,58;8,58;;
2024-12-07;07 de Dezembro-2024 Elias;Elias;Ovos (30 un);Ovos(30un);Outros;1;14,98;14,98;;
2024-12-07;07 de Dezembro-2024 Elias;Elias;Pasta de dente M;P. de Dente M;Outros;1;7,99;7,99;;
2024-12-07;07 de Dezembro-2024 Elias;Elias;Pedra sanitária;P. Sanitária;Limpeza;4;2,77;11,08;;
2024-12-07;07 de Dezembro-2024 Elias;Elias;Pimentão;Pimentao;Outros;2;;;;
2024-12-07;07 de Dezembro-2024 Elias;Elias;Sabonete;Sabobete;Outros;1;8,00;8,00;;líquido  palmolive
2024-12-07;07 de Dezembro-2024 Elias;Elias;Sal;Sal;Outros;1;;;;
2024-12-07;07 de Dezembro-2024 Elias;Elias;Sentinela;sentinela;Outros;2;4,59;9,18;;
2024-12-07;07 de Dezembro-2024 Elias;Elias;Shampoo;shampoo;Outros;2;7,99;15,98;;monange
2024-12-07;07 de Dezembro-2024 Elias;Elias;Vassoura;Vassoura;Limpeza;1;;;;
2024-12-21;21 de Dezembro-2024 Juliano;Juliano;Arroz;Arroz;Grãos;7;4,95;34,65;;
2024-12-21;21 de Dezembro-2024 Juliano;Juliano;Carne alcatra;Carne alcatra;Carne;1,58;41,48;65,54;;
2024-12-21;21 de Dezembro-2024 Juliano;Juliano;Carne de hambúrguer;Carne Hanbur.;Carne;0,88;20,00;17,60;;
2024-12-21;21 de Dezembro-2024 Juliano;Juliano;Creme de leite;C. de Leite;Outros;6;2,68;16,08;;
2024-12-21;21 de Dezembro-2024 Juliano;Juliano;Ervilha/milho;Ervilha/milho;Grãos;4;2,98;11,92;;
2024-12-21;21 de Dezembro-2024 Juliano;Juliano;Farinha (mandioca);Farinha;Grãos;1;3,99;3,99;;
2024-12-21;21 de Dezembro-2024 Juliano;Juliano;Farinha (mandioca);Farinha;Grãos;2;4,79;9,58;;
2024-12-21;21 de Dezembro-2024 Juliano;Juliano;Leite condensado;Leite Cond.;Outros;2;5,98;11,96;;
2024-12-21;21 de Dezembro-2024 Juliano;Juliano;Linguiça;Linguiça;Carne;2,452;25,99;63,73;;
2024-12-21;21 de Dezembro-2024 Juliano;Juliano;Milho verde;Milho Verde;Grãos;6;2,48;14,88;;
2024-12-21;21 de Dezembro-2024 Juliano;Juliano;Mortadela;Mortadela;Carne;1;32,60;32,60;;
2024-12-21;21 de Dezembro-2024 Juliano;Juliano;P. de frango;P. de frango;Carne;1;29,00;29,00;;
2025-01-04;04 de Janeiro-2025 Elias;Elias;Açúcar;Açucar;Outros;5;;;;
2025-01-04;04 de Janeiro-2025 Elias;Elias;Amaciante;Amaciente;Limpeza;1;;;;
2025-01-04;04 de Janeiro-2025 Elias;Elias;Batata palha;Batata Palha;Outros;1;;;;
2025-01-04;04 de Janeiro-2025 Elias;Elias;Baygon (inseticida);Bayggon;Limpeza;2;;12,88;;
2025-01-04;04 de Janeiro-2025 Elias;Elias;Café;Cafe;Outros;1;;;;
2025-01-04;04 de Janeiro-2025 Elias;Elias;Carne de hambúrguer;Carne Hanbur.;Carne;20;;;;
2025-01-04;04 de Janeiro-2025 Elias;Elias;Creme de leite;C. de Leite;Outros;5;;2,85;;
2025-01-04;04 de Janeiro-2025 Elias;Elias;Detergente;Detergente;Limpeza;4;;;;
2025-01-04;04 de Janeiro-2025 Elias;Elias;Empanado;Empanado;Carne;8;;;;
2025-01-04;04 de Janeiro-2025 Elias;Elias;Ervilha/milho;Ervilha/milho;Grãos;2;;3,49;;
2025-01-04;04 de Janeiro-2025 Elias;Elias;Escova de dente;Escova de dente;Outros;2;;;;
2025-01-04;04 de Janeiro-2025 Elias;Elias;Esponja;Esponja;Limpeza;4;;;;
2025-01-04;04 de Janeiro-2025 Elias;Elias;Farinha de trigo;F.Trigo;Grãos;2;;3,98;;
2025-01-04;04 de Janeiro-2025 Elias;Elias;Fígado bovino;Figado B. (Kg);Carne;2;;;;
2025-01-04;04 de Janeiro-2025 Elias;Elias;Iogurte;Iogurte;Outros;4;;;;
2025-01-04;04 de Janeiro-2025 Elias;Elias;Ketchup;catchup;Outros;1;;;;
2025-01-04;04 de Janeiro-2025 Elias;Elias;Leite condensado;Leite Cond.;Outros;2;;;;
2025-01-04;04 de Janeiro-2025 Elias;Elias;Lemon pepper;Lemon Piper;Outros;1;;;;
2025-01-04;04 de Janeiro-2025 Elias;Elias;Maionese;Maionese;Outros;1;;;;
2025-01-04;04 de Janeiro-2025 Elias;Elias;Miojo;Miojo;Grãos;2;;;;
2025-01-04;04 de Janeiro-2025 Elias;Elias;Misturinha;Misturinha;Outros;2;;;;
2025-01-04;04 de Janeiro-2025 Elias;Elias;Molho de tomate;M. de Tomate;Outros;6;;1,48;;
2025-01-04;04 de Janeiro-2025 Elias;Elias;Mortadela;Mortadela;Carne;1;;;;
2025-01-04;04 de Janeiro-2025 Elias;Elias;Ovos (30 un);Ovos(30un);Outros;1;;;;
2025-01-04;04 de Janeiro-2025 Elias;Elias;Pasta de dente M;P. de Dente M;Outros;1;;;;
2025-01-04;04 de Janeiro-2025 Elias;Elias;Pimentão;Pimentao;Outros;4;;;;
2025-01-04;04 de Janeiro-2025 Elias;Elias;Sabão em pó Ypê;Sabão em pó Ypê;Limpeza;1;;15,98;;
2025-01-04;04 de Janeiro-2025 Elias;Elias;Tempero baiano;Temp. Baiano;Outros;1;;;;
2025-01-04;04 de Janeiro-2025 Elias;Elias;Tempero folhas verdes caseiro;Temp. FolVer. Caseiro;Outros;1;;;;
2025-01-18;18 de Janeiro - 2025 Juliano;Juliano;Açúcar;Açucar;Outros;4;3,55;14,20;;
2025-01-18;18 de Janeiro - 2025 Juliano;Juliano;Amaciante;Amaciente;Limpeza;2;22,98;45,96;;sachê
2025-01-18;18 de Janeiro - 2025 Juliano;Juliano;Arroz;Arroz;Grãos;7;4,78;33,46;;
2025-01-18;18 de Janeiro - 2025 Juliano;Juliano;Café;Cafe;Outros;2;9,48;18,96;;
2025-01-18;18 de Janeiro - 2025 Juliano;Juliano;Carne alcatra;Carne alcatra;Carne;1;;;;
2025-01-18;18 de Janeiro - 2025 Juliano;Juliano;Carne de hambúrguer;Carne Hanbur.;Carne;6;1,49;8,94;;
2025-01-18;18 de Janeiro - 2025 Juliano;Juliano;Creme de leite;C. de Leite;Outros;4;2,88;11,52;;
2025-01-18;18 de Janeiro - 2025 Juliano;Juliano;Empanado;Empanado;Carne;6;1,78;10,68;;
2025-01-18;18 de Janeiro - 2025 Juliano;Juliano;Ervilha/milho;Ervilha/milho;Grãos;4;;;🔒/👌;
2025-01-18;18 de Janeiro - 2025 Juliano;Juliano;Farinha (mandioca);Farinha;Grãos;2;;;;
2025-01-18;18 de Janeiro - 2025 Juliano;Juliano;Flocão de milho (cuscuz);Cucuz;Grãos;10;1,38;13,80;;
2025-01-18;18 de Janeiro - 2025 Juliano;Juliano;Frisco;Frisco;Outros;10;0,89;8,90;;
2025-01-18;18 de Janeiro - 2025 Juliano;Juliano;Hidratante;hidratante;Outros;1;;;g/👌;
2025-01-18;18 de Janeiro - 2025 Juliano;Juliano;Ketchup;catchup;Outros;1;8,99;8,99;;
2025-01-18;18 de Janeiro - 2025 Juliano;Juliano;Leite condensado;Leite Cond.;Outros;2;;;y/👌;
2025-01-18;18 de Janeiro - 2025 Juliano;Juliano;Milho verde;Milho Verde;Grãos;3;3,31;9,93;;
2025-01-18;18 de Janeiro - 2025 Juliano;Juliano;Molho de tomate;M. de Tomate;Outros;6;1,48;8,88;;
2025-01-18;18 de Janeiro - 2025 Juliano;Juliano;Mortadela;Mortadela;Carne;1;57,78;57,78;;
2025-01-18;18 de Janeiro - 2025 Juliano;Juliano;Óleo de cozinha;Oleo;Outros;1;8,38;8,38;;
2025-01-18;18 de Janeiro - 2025 Juliano;Juliano;Ovos (30 un);Ovos(30un);Outros;1;14,48;14,48;;
2025-01-18;18 de Janeiro - 2025 Juliano;Juliano;P. de frango;P. de frango;Carne;1;;;;
2025-01-18;18 de Janeiro - 2025 Juliano;Juliano;Pedra sanitária;P. Sanitária;Limpeza;4;2,89;11,56;;
2025-01-18;18 de Janeiro - 2025 Juliano;Juliano;Pimentão;Pimentao;Outros;2;;;feito/👌;
2025-01-18;18 de Janeiro - 2025 Juliano;Juliano;Quinó;Quinó;Outros;1;3,99;3,99;;
2025-01-18;18 de Janeiro - 2025 Juliano;Juliano;Sabonete;Sabobete;Outros;2;;;;líquido  palmolive
2025-01-18;18 de Janeiro - 2025 Juliano;Juliano;Sorvete;sorvete;Outros;1;19,88;19,88;;
2025-02-08;08 de Fevereiro -2025 Elias;Elias;Alho;Alho;Outros;0,6;16,00;9,60;;
2025-02-08;08 de Fevereiro -2025 Elias;Elias;Antitranspirante;Antitranspirante;Outros;2;5,49;10,98;;
2025-02-08;08 de Fevereiro -2025 Elias;Elias;Arroz;Arroz;Grãos;6;4,68;28,08;;
2025-02-08;08 de Fevereiro -2025 Elias;Elias;Batata palha;Batata Palha;Outros;1;;;não/👌;
2025-02-08;08 de Fevereiro -2025 Elias;Elias;Baygon (inseticida);Bayggon;Limpeza;1;;;nao/👌;
2025-02-08;08 de Fevereiro -2025 Elias;Elias;Bolacha;Bolacha;Outros;2;;;;
2025-02-08;08 de Fevereiro -2025 Elias;Elias;Café;Cafe;Outros;2;12,00;24,00;;
2025-02-08;08 de Fevereiro -2025 Elias;Elias;Calabresa;Calabresa;Carne;1;;;não/👌;
2025-02-08;08 de Fevereiro -2025 Elias;Elias;Carne de hambúrguer;Carne Hanbur.;Carne;10;;;não/👌;
2025-02-08;08 de Fevereiro -2025 Elias;Elias;Cebola;Cebola (Kg);Outros;2;2,00;4,00;;
2025-02-08;08 de Fevereiro -2025 Elias;Elias;Creme de leite;C. de Leite;Outros;6;2,68;16,08;;
2025-02-08;08 de Fevereiro -2025 Elias;Elias;Detergente;Detergente;Limpeza;2;2,00;4,00;;
2025-02-08;08 de Fevereiro -2025 Elias;Elias;Ervilha/milho;Ervilha/milho;Grãos;;;3,49;;
2025-02-08;08 de Fevereiro -2025 Elias;Elias;Essência (aromatizador);essência;Limpeza;1;;;;
2025-02-08;08 de Fevereiro -2025 Elias;Elias;Farinha (mandioca);Farinha;Grãos;1;3,99;3,99;;
2025-02-08;08 de Fevereiro -2025 Elias;Elias;Farinha de trigo;F.Trigo;Grãos;2;4,80;9,60;;com fermento
2025-02-08;08 de Fevereiro -2025 Elias;Elias;Frango;Frango(Kg);Carne;2;2,00;4,00;;
2025-02-08;08 de Fevereiro -2025 Elias;Elias;Goma;Goma;Grãos;1;5,88;5,88;;
2025-02-08;08 de Fevereiro -2025 Elias;Elias;Iogurte;Iogurte;Outros;6;5,50;33,00;;
2025-02-08;08 de Fevereiro -2025 Elias;Elias;Lanche;lanche;Outros;1;37,78;37,78;;
2025-02-08;08 de Fevereiro -2025 Elias;Elias;Leite condensado;Leite Cond.;Outros;6;5,35;32,10;;
2025-02-08;08 de Fevereiro -2025 Elias;Elias;Macarrão;Macarrão;Grãos;8;2,15;17,20;;
2025-02-08;08 de Fevereiro -2025 Elias;Elias;Maionese;Maionese;Outros;2;;;;
2025-02-08;08 de Fevereiro -2025 Elias;Elias;Manteiga;Manteiga;Outros;1;27,99;27,99;;
2025-02-08;08 de Fevereiro -2025 Elias;Elias;Milho verde;Milho Verde;Grãos;4;3,05;12,20;;
2025-02-08;08 de Fevereiro -2025 Elias;Elias;Miojo;Miojo;Grãos;10;1,98;19,80;;
2025-02-08;08 de Fevereiro -2025 Elias;Elias;Mistura bolo;Mistura Bolo;Outros;2;;;;
2025-02-08;08 de Fevereiro -2025 Elias;Elias;Molho de tomate;M. de Tomate;Outros;4;2,35;9,40;;
2025-02-08;08 de Fevereiro -2025 Elias;Elias;Mortadela;Mortadela;Carne;1;42,90;42,90;;
2025-02-08;08 de Fevereiro -2025 Elias;Elias;Ovos (20 un);Ovos(20un);Outros;1;12,98;12,98;;
2025-02-08;08 de Fevereiro -2025 Elias;Elias;Pasta de dente M;P. de Dente M;Outros;1;;;;
2025-02-08;08 de Fevereiro -2025 Elias;Elias;Pedra sanitária;P. Sanitária;Limpeza;4;;;;
2025-02-08;08 de Fevereiro -2025 Elias;Elias;Peito de frango;Peito de Frango;Carne;1;34,18;34,18;;
2025-02-08;08 de Fevereiro -2025 Elias;Elias;Pimentão;Pimentao;Outros;2;;;;
2025-02-08;08 de Fevereiro -2025 Elias;Elias;Queijo;Queijo;Outros;1;24,00;24,00;;mussarela
2025-02-08;08 de Fevereiro -2025 Elias;Elias;Sabão em pó Ypê;Sabão em pó Ypê;Limpeza;;;15,98;;
2025-02-08;08 de Fevereiro -2025 Elias;Elias;Sabão em pó Ypê;Sabão em pó Ypê;Limpeza;1;35,79;35,79;;2.4kg
2025-02-08;08 de Fevereiro -2025 Elias;Elias;Sabonete;Sabobete;Outros;2;4,99;9,98;;phelbo
2025-02-08;08 de Fevereiro -2025 Elias;Elias;Sal;Sal;Outros;1;;;;
2025-02-08;08 de Fevereiro -2025 Elias;Elias;Veneno para mosca;veveno mosca;Limpeza;1;;;;
2025-03-02;02 de março -2025 Elias;Elias;Antitranspirante;Antitranspirante;Outros;1;;;;
2025-03-02;02 de março -2025 Elias;Elias;Arroz;Arroz;Grãos;4;4,75;19,00;;
2025-03-02;02 de março -2025 Elias;Elias;Baygon (inseticida);Bayggon;Limpeza;2;;;;
2025-03-02;02 de março -2025 Elias;Elias;Bolacha;Bolacha;Outros;5;4,29;21,45;;
2025-03-02;02 de março -2025 Elias;Elias;Café;Cafe;Outros;2;12,68;25,36;;
2025-03-02;02 de março -2025 Elias;Elias;Calabresa;Calabresa;Carne;1;67,90;67,90;;
2025-03-02;02 de março -2025 Elias;Elias;Carne de hambúrguer;Carne Hanbur.;Carne;10;;;;
2025-03-02;02 de março -2025 Elias;Elias;Carne de lata;Carne de Lata;Carne;2;7,99;15,98;;
2025-03-02;02 de março -2025 Elias;Elias;Carne moída;Carne muida;Carne;1;;;;
2025-03-02;02 de março -2025 Elias;Elias;Cebola;Cebola (Kg);Outros;2;;;;
2025-03-02;02 de março -2025 Elias;Elias;Chimichurri;Chimichurri;Outros;1;5,99;5,99;;
2025-03-02;02 de março -2025 Elias;Elias;Detergente;Detergente;Limpeza;4;;;;
2025-03-02;02 de março -2025 Elias;Elias;Ervilha/milho;Ervilha/milho;Grãos;5;2,90;14,50;;
2025-03-02;02 de março -2025 Elias;Elias;Essência (aromatizador);essência;Limpeza;1;19,00;19,00;;
2025-03-02;02 de março -2025 Elias;Elias;Farinha (mandioca);Farinha;Grãos;1;4,29;4,29;;
2025-03-02;02 de março -2025 Elias;Elias;Farinha de trigo;F.Trigo;Grãos;1;3,89;3,89;;
2025-03-02;02 de março -2025 Elias;Elias;Farinha láctea;farinha lactea;Outros;1;;;;
2025-03-02;02 de março -2025 Elias;Elias;Feijão;Feijao;Grãos;2;4,88;9,76;;
2025-03-02;02 de março -2025 Elias;Elias;Flanela;Flanela;Limpeza;1;14,99;14,99;;
2025-03-02;02 de março -2025 Elias;Elias;Frango;Frango(Kg);Carne;1;;;;
2025-03-02;02 de março -2025 Elias;Elias;Frisco;Frisco;Outros;5;;;;
2025-03-02;02 de março -2025 Elias;Elias;Gilete;gilete;Outros;5;4,54;22,70;;
2025-03-02;02 de março -2025 Elias;Elias;Goma;Goma;Grãos;2;4,88;9,76;;
2025-03-02;02 de março -2025 Elias;Elias;Iogurte;Iogurte;Outros;4;4,00;16,00;;
2025-03-02;02 de março -2025 Elias;Elias;Kinnor;Kinnor;Outros;1;4,39;4,39;;
2025-03-02;02 de março -2025 Elias;Elias;Leite em pó;Leite em po;Outros;3;19,48;58,44;;
2025-03-02;02 de março -2025 Elias;Elias;Lemon pepper;Lemon Piper;Outros;1;;;;
2025-03-02;02 de março -2025 Elias;Elias;Maionese;Maionese;Outros;1;;;;
2025-03-02;02 de março -2025 Elias;Elias;Milho verde;Milho Verde;Grãos;6;2,78;16,68;;
2025-03-02;02 de março -2025 Elias;Elias;Mistura bolo;Mistura Bolo;Outros;1;;;;
2025-03-02;02 de março -2025 Elias;Elias;Molho de tomate;M. de Tomate;Outros;4;1,59;6,36;;
2025-03-02;02 de março -2025 Elias;Elias;Óleo de cozinha;Oleo;Outros;1;7,19;7,19;;
2025-03-02;02 de março -2025 Elias;Elias;Ovos (30 un);Ovos(30un);Outros;1;22,58;22,58;;
2025-03-02;02 de março -2025 Elias;Elias;P. de frango;P. de frango;Carne;1;35,00;35,00;;
2025-03-02;02 de março -2025 Elias;Elias;Pedra sanitária;P. Sanitária;Limpeza;4;2,58;10,32;;
2025-03-02;02 de março -2025 Elias;Elias;Pimenta calabresa;Pimenta Calabresa;Outros;1;2,99;2,99;;
2025-03-02;02 de março -2025 Elias;Elias;Pimentão;Pimentao;Outros;1;;;;
2025-03-02;02 de março -2025 Elias;Elias;Queijo;Queijo;Outros;1;37,00;37,00;;
2025-03-02;02 de março -2025 Elias;Elias;Quinó;Quinó;Outros;1;;;;
2025-03-02;02 de março -2025 Elias;Elias;Sabão em pó Ypê;Sabão em pó Ypê;Limpeza;2;18,98;37,96;;
2025-03-02;02 de março -2025 Elias;Elias;Sabonete;Sabobete;Outros;4;4,88;19,52;;
2025-03-02;02 de março -2025 Elias;Elias;Sentinela;sentinela;Outros;1;;;;
2025-03-02;02 de março -2025 Elias;Elias;Tempero chefe;Tempero Chefe;Outros;1;5,19;5,19;;
2025-03-02;02 de março -2025 Elias;Elias;Tempero Edu;Temp Edu;Outros;1;5,19;5,19;;
2025-03-02;02 de março -2025 Elias;Elias;Tempero Gourmet;Temp Gurme;Outros;1;5,59;5,59;;
2025-04-05;05 de Abril -2025 Elias;Elias;Antitranspirante;Antitranspirante;Outros;1;16,99;16,99;;
2025-04-05;05 de Abril -2025 Elias;Elias;Baygon (inseticida);Bayggon;Limpeza;2;18,39;36,78;;
2025-04-05;05 de Abril -2025 Elias;Elias;Bolacha;Bolacha;Outros;2;3,69;7,38;;
2025-04-05;05 de Abril -2025 Elias;Elias;Café;Cafe;Outros;3;14,48;43,44;;
2025-04-05;05 de Abril -2025 Elias;Elias;Calabresa;Calabresa;Carne;1;70,00;70,00;;
2025-04-05;05 de Abril -2025 Elias;Elias;Carne de hambúrguer;Carne Hanbur.;Carne;10;;;;
2025-04-05;05 de Abril -2025 Elias;Elias;Carne mista 2,5kg;Carbe mista 2,5kg;Carne;1;60,00;60,00;;
2025-04-05;05 de Abril -2025 Elias;Elias;Cebola;Cebola (Kg);Outros;4;1,45;5,80;;
2025-04-05;05 de Abril -2025 Elias;Elias;Cotonete;Continente;Outros;1;6,00;6,00;;
2025-04-05;05 de Abril -2025 Elias;Elias;Creme capilar;Creme Capilar;Outros;1;6,99;6,99;;
2025-04-05;05 de Abril -2025 Elias;Elias;Creme de leite;C. de Leite;Outros;4;2,48;9,92;;
2025-04-05;05 de Abril -2025 Elias;Elias;Detergente;Detergente;Limpeza;2;;;;
2025-04-05;05 de Abril -2025 Elias;Elias;Empanado;Empanado;Carne;6;;;;
2025-04-05;05 de Abril -2025 Elias;Elias;Esponja;Esponja;Limpeza;4;;;;
2025-04-05;05 de Abril -2025 Elias;Elias;Farinha (mandioca);Farinha;Grãos;2;4,79;9,58;;
2025-04-05;05 de Abril -2025 Elias;Elias;Farinha de trigo;F.Trigo;Grãos;1;;;;
2025-04-05;05 de Abril -2025 Elias;Elias;Farinha láctea;farinha lactea;Outros;2;;;;
2025-04-05;05 de Abril -2025 Elias;Elias;Feijão;Feijao;Grãos;4;5,57;22,28;;
2025-04-05;05 de Abril -2025 Elias;Elias;Flocão de milho (cuscuz);Cucuz;Grãos;8;;;;
2025-04-05;05 de Abril -2025 Elias;Elias;Frisco;Frisco;Outros;18;0,79;14,22;;
2025-04-05;05 de Abril -2025 Elias;Elias;Goma;Goma;Grãos;2;5,79;11,58;;
2025-04-05;05 de Abril -2025 Elias;Elias;Hidratante;hidratante;Outros;2;;;;
2025-04-05;05 de Abril -2025 Elias;Elias;Iogurte;Iogurte;Outros;6;4,68;28,08;;
2025-04-05;05 de Abril -2025 Elias;Elias;Leite condensado;Leite Cond.;Outros;2;5,49;10,98;;
2025-04-05;05 de Abril -2025 Elias;Elias;Lemon pepper;Lemon Piper;Outros;1;5,59;5,59;;
2025-04-05;05 de Abril -2025 Elias;Elias;Maionese;Maionese;Outros;1;;;;
2025-04-05;05 de Abril -2025 Elias;Elias;Manteiga;Manteiga;Outros;1;23,48;23,48;;
2025-04-05;05 de Abril -2025 Elias;Elias;Milho verde;Milho Verde;Grãos;6;;;♥️/👌;
2025-04-05;05 de Abril -2025 Elias;Elias;Mistura bolo;Mistura Bolo;Outros;1;;;;
2025-04-05;05 de Abril -2025 Elias;Elias;Mortadela 1,5kg;Mortadela 1,5kg;Carne;1;;;;
2025-04-05;05 de Abril -2025 Elias;Elias;Óleo de cozinha;Oleo;Outros;2;7,38;14,76;;
2025-04-05;05 de Abril -2025 Elias;Elias;P. de frango;P. de frango;Carne;2;4,50;9,00;;
2025-04-05;05 de Abril -2025 Elias;Elias;Pasta de dente M;P. de Dente M;Outros;2;12,00;24,00;;
2025-04-05;05 de Abril -2025 Elias;Elias;Pasta mata barata;Pasta Mata Barata;Limpeza;1;15,99;15,99;;
2025-04-05;05 de Abril -2025 Elias;Elias;Pedra sanitária;P. Sanitária;Limpeza;6;2,58;15,48;;
2025-04-05;05 de Abril -2025 Elias;Elias;Pimentão;Pimentao;Outros;4;;;;
2025-04-05;05 de Abril -2025 Elias;Elias;Prendedor de roupa;Pegador se roupa;Outros;1;;;;
2025-04-05;05 de Abril -2025 Elias;Elias;Queijo;Queijo;Outros;1;36,64;36,64;;
2025-04-05;05 de Abril -2025 Elias;Elias;Rapadura;Rapadura;Outros;1;;;;
2025-04-05;05 de Abril -2025 Elias;Elias;Sabão em pó Ypê;Sabão em pó Ypê;Limpeza;1;;;;
2025-04-05;05 de Abril -2025 Elias;Elias;Sabão pasta;Sabão Pasta;Limpeza;1;7,49;7,49;;
2025-04-05;05 de Abril -2025 Elias;Elias;Sabonete;Sabobete;Outros;6;5,16;30,96;;
2025-04-05;05 de Abril -2025 Elias;Elias;Sabonete líquido;Sabonete líquido;Outros;1;;;;
2025-04-05;05 de Abril -2025 Elias;Elias;Sal;Sal;Outros;1;;;;
2025-04-05;05 de Abril -2025 Elias;Elias;Vassoura;Vassoura;Limpeza;1;;;;
2025-05-03;03 de MAIO -2025 Elias  (2);Elias;Açúcar;Açucar;Outros;2;3,55;7,10;;
2025-05-03;03 de MAIO -2025 Elias  (2);Elias;Alho;Alho;Outros;0,5;;;x/👌;
2025-05-03;03 de MAIO -2025 Elias  (2);Elias;Amaciante;Amaciente;Limpeza;1;22,00;22,00;;
2025-05-03;03 de MAIO -2025 Elias  (2);Elias;Amendoim;Amendoim;Grãos;2;17,00;34,00;;
2025-05-03;03 de MAIO -2025 Elias  (2);Elias;Arroz;Arroz;Grãos;2;3,89;7,78;;
2025-05-03;03 de MAIO -2025 Elias  (2);Elias;Batata-doce;Batata Doce;Outros;2;;;x/👌;
2025-05-03;03 de MAIO -2025 Elias  (2);Elias;Baygon (inseticida);Bayggon;Limpeza;1;17,50;17,50;;
2025-05-03;03 de MAIO -2025 Elias  (2);Elias;Café;Cafe;Outros;2;16,20;32,40;;
2025-05-03;03 de MAIO -2025 Elias  (2);Elias;Carne de lata;Carne de lata;Carne;1;;;x/👌;
2025-05-03;03 de MAIO -2025 Elias  (2);Elias;Carne de lata;Carne enlatada;Carne;2;7,88;15,76;;
2025-05-03;03 de MAIO -2025 Elias  (2);Elias;Carne mista 2,5kg;Carbe mista 2,5kg;Carne;1;;;x/👌;
2025-05-03;03 de MAIO -2025 Elias  (2);Elias;Carne moída;Carne moida;Carne;1;23,00;23,00;;
2025-05-03;03 de MAIO -2025 Elias  (2);Elias;Costela bovina;Costela Bovina;Carne;1;33,50;33,50;;
2025-05-03;03 de MAIO -2025 Elias  (2);Elias;Creme de barbear;Creme Barbear;Outros;1;9,00;9,00;;
2025-05-03;03 de MAIO -2025 Elias  (2);Elias;Detergente;Detergente;Limpeza;2;;;;
2025-05-03;03 de MAIO -2025 Elias  (2);Elias;Esponja;Esponja;Limpeza;2;;;x/👌;
2025-05-03;03 de MAIO -2025 Elias  (2);Elias;Essência (aromatizador);essência;Limpeza;1;;;x/👌;
2025-05-03;03 de MAIO -2025 Elias  (2);Elias;Farinha láctea;farinha lactea;Outros;1;;;x/👌;
2025-05-03;03 de MAIO -2025 Elias  (2);Elias;Fígado de frango;Figado Frango;Carne;1;7,00;7,00;;
2025-05-03;03 de MAIO -2025 Elias  (2);Elias;Flocão de milho (cuscuz);Cucuz;Grãos;3;1,15;3,45;;
2025-05-03;03 de MAIO -2025 Elias  (2);Elias;Formitol (veneno formiga);Formitoo;Limpeza;1;15,00;15,00;;
2025-05-03;03 de MAIO -2025 Elias  (2);Elias;Goma;Goma;Grãos;2;5,15;10,30;;
2025-05-03;03 de MAIO -2025 Elias  (2);Elias;Hidratante;hidratante;Outros;1;;;x/👌;
2025-05-03;03 de MAIO -2025 Elias  (2);Elias;Iogurte;Iogurte;Outros;4;;;x/👌;
2025-05-03;03 de MAIO -2025 Elias  (2);Elias;Leite condensado;Leite Cond.;Outros;1;;;x/👌;
2025-05-03;03 de MAIO -2025 Elias  (2);Elias;Leite em pó;Leite em po;Outros;1;23,98;23,98;;
2025-05-03;03 de MAIO -2025 Elias  (2);Elias;Macarrão;Macarrão;Grãos;8;1,98;15,84;;
2025-05-03;03 de MAIO -2025 Elias  (2);Elias;Miojo;Nissin Miojo;Grãos;8;2,29;18,32;;
2025-05-03;03 de MAIO -2025 Elias  (2);Elias;Mistura bolo;Mistura Bolo;Outros;1;;;x/👌;
2025-05-03;03 de MAIO -2025 Elias  (2);Elias;Pedra sanitária;P. Sanitária;Limpeza;4;2,89;11,56;;
2025-05-03;03 de MAIO -2025 Elias  (2);Elias;Pimentão;Pimentao;Outros;4;;;x/👌;
2025-05-03;03 de MAIO -2025 Elias  (2);Elias;Queijo;Queijo;Outros;1;31,50;31,50;;mussarela
2025-05-03;03 de MAIO -2025 Elias  (2);Elias;Sabão em barra;Sabão em Barra;Limpeza;1;2,98;2,98;;
2025-05-03;03 de MAIO -2025 Elias  (2);Elias;Sabão em pó Ypê;Sabão em pó Ypê;Limpeza;1;19,50;19,50;;
2025-05-03;03 de MAIO -2025 Elias  (2);Elias;Sabonete;Sabobete;Outros;2;5,39;10,78;;
2025-05-03;03 de MAIO -2025 Elias  (2);Elias;Variados;Variados;Outros;1;100,00;100,00;;
2025-05-03;03 de MAIO -2025 Elias  (2);Elias;Vassoura;Vassoura;Limpeza;1;18,00;18,00;;
2025-05-03;03 de MAIO -2025 Elias  (2);Elias;Wafer;waffer;Outros;2;;;x/👌;
2025-06-04;04 de JUNHO Elias;Elias;Adoçante em pó;Adoçante Po;Outros;1;23,88;23,88;;
2025-06-04;04 de JUNHO Elias;Elias;Amendoim;Amendoim;Grãos;2;17,00;34,00;;
2025-06-04;04 de JUNHO Elias;Elias;Arroz;Arroz;Grãos;4;3,85;15,40;;
2025-06-04;04 de JUNHO Elias;Elias;Batata-doce;Batata Doce;Outros;2;;;;
2025-06-04;04 de JUNHO Elias;Elias;Baygon (inseticida);Bayggon;Limpeza;2;17,49;34,98;;
2025-06-04;04 de JUNHO Elias;Elias;Bolacha;Bolacha;Outros;2;5,19;10,38;;
2025-06-04;04 de JUNHO Elias;Elias;Bombril;Bombril;Limpeza;1;1,48;1,48;;
2025-06-04;04 de JUNHO Elias;Elias;Café;Cafe;Outros;3;14,99;44,97;;
2025-06-04;04 de JUNHO Elias;Elias;Calabresa;Calabresa;Carne;1;;;;
2025-06-04;04 de JUNHO Elias;Elias;Carne de hambúrguer;Carne Hanbur.;Carne;2;;;;
2025-06-04;04 de JUNHO Elias;Elias;Carne de lata;Carne de lata;Carne;2;7,19;14,38;;
2025-06-04;04 de JUNHO Elias;Elias;Carne mista 2,5kg;Carbe mista 2,5kg;Carne;1;;;;
2025-06-04;04 de JUNHO Elias;Elias;Cebola;Cebola (Kg);Outros;3;;;;
2025-06-04;04 de JUNHO Elias;Elias;Costela bovina;Costela Bovina;Carne;1;;;;
2025-06-04;04 de JUNHO Elias;Elias;Creme de leite;C. de Leite;Outros;6;2,79;16,74;;
2025-06-04;04 de JUNHO Elias;Elias;Detergente;Detergente;Limpeza;1;3,00;3,00;;
2025-06-04;04 de JUNHO Elias;Elias;Empanado;Empanado;Carne;2;;;;
2025-06-04;04 de JUNHO Elias;Elias;Farinha de trigo;F.Trigo;Grãos;1;;;;
2025-06-04;04 de JUNHO Elias;Elias;Farinha láctea;farinha lactea;Outros;1;18,99;18,99;;
2025-06-04;04 de JUNHO Elias;Elias;Feijão;Feijao;Grãos;1;;;;
2025-06-04;04 de JUNHO Elias;Elias;Fígado bovino;Figado B. (Kg);Carne;1;;;;
2025-06-04;04 de JUNHO Elias;Elias;Flocão de milho (cuscuz);Cucuz;Grãos;12;1,39;16,68;;
2025-06-04;04 de JUNHO Elias;Elias;Gelatina;Gelatina;Outros;10;4,50;45,00;;
2025-06-04;04 de JUNHO Elias;Elias;Goma;Goma;Grãos;2;5,88;11,76;;
2025-06-04;04 de JUNHO Elias;Elias;Granola;Granola;Grãos;2;10,00;20,00;;
2025-06-04;04 de JUNHO Elias;Elias;Hidratante;hidratante;Outros;1;;;;
2025-06-04;04 de JUNHO Elias;Elias;Iogurte;Iogurte;Outros;4;;;;
2025-06-04;04 de JUNHO Elias;Elias;Kinnor;Kinnor;Outros;1;4,39;4,39;;
2025-06-04;04 de JUNHO Elias;Elias;Leite condensado;Leite Cond.;Outros;2;5,88;11,76;;
2025-06-04;04 de JUNHO Elias;Elias;Leite em pó;Leite em po;Outros;1;26,48;26,48;;
2025-06-04;04 de JUNHO Elias;Elias;Macarrão lasanha;Macarrão Lasanha;Grãos;1;9,89;9,89;;
2025-06-04;04 de JUNHO Elias;Elias;Manteiga;Manteiga;Outros;1;;;;
2025-06-04;04 de JUNHO Elias;Elias;Miojo;Miojo;Grãos;8;;;;
2025-06-04;04 de JUNHO Elias;Elias;Mistos de carnes e verduras;mistos de carnes e verduras;Outros;1;100,00;100,00;;
2025-06-04;04 de JUNHO Elias;Elias;Mistura bolo;Mistura Bolo;Outros;1;;;;
2025-06-04;04 de JUNHO Elias;Elias;Molho de tomate;M. de Tomate;Outros;4;3,00;12,00;;
2025-06-04;04 de JUNHO Elias;Elias;Nescau;Nescau;Outros;1;19,00;19,00;;
2025-06-04;04 de JUNHO Elias;Elias;Óleo de cozinha;Oleo;Outros;1;8,68;8,68;;
2025-06-04;04 de JUNHO Elias;Elias;Ovos (30 un);Ovos(30un);Outros;2;15,00;30,00;;
2025-06-04;04 de JUNHO Elias;Elias;Pasta de dente M;P. de Dente M;Outros;1;14,99;14,99;;
2025-06-04;04 de JUNHO Elias;Elias;Pedra sanitária;P. Sanitária;Limpeza;4;3,99;15,96;;
2025-06-04;04 de JUNHO Elias;Elias;Peito de frango;Peito de Frango;Carne;1;;;&/👌;
2025-06-04;04 de JUNHO Elias;Elias;Pimentão;Pimentao;Outros;3;;;&/👌;
2025-06-04;04 de JUNHO Elias;Elias;Pipoca;Pipoca;Grãos;2;3,79;7,58;;
2025-06-04;04 de JUNHO Elias;Elias;Prendedor de roupa;Pegador se roupa;Outros;1;;;;
2025-06-04;04 de JUNHO Elias;Elias;Queijo;Queijo;Outros;1;37,53;37,53;;mussarela
2025-06-04;04 de JUNHO Elias;Elias;Sabão em pó Ypê;Sabão em pó Ypê;Limpeza;1;;;&/👌;2.4kg
2025-06-04;04 de JUNHO Elias;Elias;Sal;Sal;Outros;2;1,05;2,10;;
2025-06-04;04 de JUNHO Elias;Elias;Salgadinho;Salgadinho;Outros;4;1,69;6,76;;
2025-06-04;04 de JUNHO Elias;Elias;Sardinha;Sardinha;Carne;2;;;&/👌;
2025-07-05;05 de JUNLO Elias;Elias;Açafrão;Açafrão;Outros;1;10,00;10,00;;
2025-07-05;05 de JUNLO Elias;Elias;Açúcar;Açucar;Outros;5;3,55;17,75;;
2025-07-05;05 de JUNLO Elias;Elias;Adoçante em pó;Adoçante Po;Outros;1;23,88;23,88;;
2025-07-05;05 de JUNLO Elias;Elias;Adoçante gotas;Adoçante Gota;Outros;1;22,48;22,48;;Caixa 2un
2025-07-05;05 de JUNLO Elias;Elias;Água sanitária;Água sanitária;Limpeza;1;2,19;2,19;;
2025-07-05;05 de JUNLO Elias;Elias;Amendoim;Amendoim;Grãos;3;;;;
2025-07-05;05 de JUNLO Elias;Elias;Arroz;Arroz;Grãos;4;3,65;14,60;;
2025-07-05;05 de JUNLO Elias;Elias;Batata;Batata;Outros;1;3,88;3,88;;
2025-07-05;05 de JUNLO Elias;Elias;Baygon (inseticida);Bayggon;Limpeza;2;17,49;34,98;;
2025-07-05;05 de JUNLO Elias;Elias;Bolacha;Bolacha;Outros;2;4,49;8,98;;
2025-07-05;05 de JUNLO Elias;Elias;Café;Cafe;Outros;3;16,28;48,84;;
2025-07-05;05 de JUNLO Elias;Elias;Calabresa;Calabresa;Carne;1;;;;
2025-07-05;05 de JUNLO Elias;Elias;Carne de lata;Carne de lata;Carne;1;8,39;8,39;;
2025-07-05;05 de JUNLO Elias;Elias;Carne mista 2,5kg;Carbe mista 2,5kg;Carne;2;;;;
2025-07-05;05 de JUNLO Elias;Elias;Creme capilar;Creme Capilar;Outros;1;10,00;10,00;;
2025-07-05;05 de JUNLO Elias;Elias;Desinfetante;Desinfetante;Limpeza;1;7,48;7,48;;
2025-07-05;05 de JUNLO Elias;Elias;Detergente;Detergente;Limpeza;3;2,08;6,24;;
2025-07-05;05 de JUNLO Elias;Elias;Essência (aromatizador);essência;Limpeza;1;12,49;12,49;;
2025-07-05;05 de JUNLO Elias;Elias;Farinha (mandioca);Farinha;Grãos;2;4,15;8,30;;
2025-07-05;05 de JUNLO Elias;Elias;Farinha de trigo;F.Trigo;Grãos;2;3,69;7,38;;
2025-07-05;05 de JUNLO Elias;Elias;Feijão;Feijao;Grãos;2;5,28;10,56;;
2025-07-05;05 de JUNLO Elias;Elias;Fígado bovino;Figado B. (Kg);Carne;1;;;;
2025-07-05;05 de JUNLO Elias;Elias;Flocão de milho (cuscuz);Cucuz;Grãos;5;1,35;6,75;;
2025-07-05;05 de JUNLO Elias;Elias;Gelatina;Gelatina;Outros;4;;;;
2025-07-05;05 de JUNLO Elias;Elias;Goma;Goma;Grãos;2;4,85;9,70;;
2025-07-05;05 de JUNLO Elias;Elias;Granola;Granola;Grãos;2;;;;
2025-07-05;05 de JUNLO Elias;Elias;Kinnor;Kinnor;Outros;1;;;;
2025-07-05;05 de JUNLO Elias;Elias;Leite em pó;Leite em po;Outros;2;23,48;46,96;;
2025-07-05;05 de JUNLO Elias;Elias;Macarrão;Macarrão;Grãos;6;2,05;12,30;;
2025-07-05;05 de JUNLO Elias;Elias;Maionese;Maionese;Outros;1;2,99;2,99;;
2025-07-05;05 de JUNLO Elias;Elias;Manteiga;Manteiga;Outros;1;27,58;27,58;;
2025-07-05;05 de JUNLO Elias;Elias;Milho verde;Milho Verde;Grãos;2;;;;
2025-07-05;05 de JUNLO Elias;Elias;Miojo;Miojo;Grãos;4;;;;
2025-07-05;05 de JUNLO Elias;Elias;Mortadela 1kg;Mortadela 1kg;Carne;1;13,29;13,29;;
2025-07-05;05 de JUNLO Elias;Elias;Nescau;Nescau;Outros;1;;;;
2025-07-05;05 de JUNLO Elias;Elias;Óleo de cozinha;Oleo;Outros;1;;;;
2025-07-05;05 de JUNLO Elias;Elias;Ovos (30 un);Ovos(30un);Outros;2;14,98;29,96;;Ovo marrom
2025-07-05;05 de JUNLO Elias;Elias;P. de frango;P. de frango;Carne;1;;;;
2025-07-05;05 de JUNLO Elias;Elias;Pedra sanitária;P. Sanitária;Limpeza;5;2,89;14,45;;
2025-07-05;05 de JUNLO Elias;Elias;Pimentão;Pimentao;Outros;2;;;;
2025-07-05;05 de JUNLO Elias;Elias;Queijo;Queijo;Outros;1;4,59;4,59;;mussarela
2025-07-05;05 de JUNLO Elias;Elias;Sabão em pó Ypê;Sabão em pó Ypê;Limpeza;1;19,48;19,48;;2.4kg
2025-07-05;05 de JUNLO Elias;Elias;Sabonete;Sabobete;Outros;2;;;;
2025-07-05;05 de JUNLO Elias;Elias;Salgado;Salgado;Outros;4;1,69;6,76;;
2025-07-05;05 de JUNLO Elias;Elias;Shampoo;shampoo;Outros;1;;;;
2025-07-05;05 de JUNLO Elias;Elias;Tempero Gourmet;Temp Gurme;Outros;1;5,37;5,37;;
2025-07-05;05 de JUNLO Elias;Elias;Toddy;Toddy;Outros;1;13,89;13,89;;
2025-07-05;05 de JUNLO Elias;Elias;Tomate;Tomate;Outros;1;5,98;5,98;;
2025-07-05;05 de JUNLO Elias;Elias;Vinagre;Vinagre;Outros;1;2,15;2,15;;
2025-08-02;02 de Agosto Elias;Elias;Açúcar;Açucar;Outros;2;3,39;6,78;;
2025-08-02;02 de Agosto Elias;Elias;Adoçante em pó;Adoçante Po;Outros;1;23,88;23,88;;
2025-08-02;02 de Agosto Elias;Elias;Alho;Alho;Outros;1;;;;
2025-08-02;02 de Agosto Elias;Elias;Amaciante;Amaciente;Limpeza;1;;;;
2025-08-02;02 de Agosto Elias;Elias;Amendoim;Amendoim;Grãos;2;16,18;32,36;;
2025-08-02;02 de Agosto Elias;Elias;Arroz;Arroz;Grãos;3;3,48;10,44;;
2025-08-02;02 de Agosto Elias;Elias;Batata palha;Batata Palha;Outros;1;;;;
2025-08-02;02 de Agosto Elias;Elias;Baygon (inseticida);Bayggon;Limpeza;2;;;;
2025-08-02;02 de Agosto Elias;Elias;Bolacha;Bolacha;Outros;2;5,00;10,00;;
2025-08-02;02 de Agosto Elias;Elias;Café;Cafe;Outros;3;13,99;41,97;;
2025-08-02;02 de Agosto Elias;Elias;Calabresa;Calabresa;Carne;1;;;;
2025-08-02;02 de Agosto Elias;Elias;Carne de lata;Carne de lata;Carne;2;7,68;15,36;;
2025-08-02;02 de Agosto Elias;Elias;Cebola;Cebola (Kg);Outros;2;;;;
2025-08-02;02 de Agosto Elias;Elias;Costela bovina;Costela Bovina;Carne;1;;;;
2025-08-02;02 de Agosto Elias;Elias;Creme de leite;C. de Leite;Outros;4;;;;
2025-08-02;02 de Agosto Elias;Elias;Ervilha/milho;Ervilha/milho;Grãos;2;3,69;7,38;;
2025-08-02;02 de Agosto Elias;Elias;Essência (aromatizador);essência;Limpeza;1;34,99;34,99;;
2025-08-02;02 de Agosto Elias;Elias;Farinha (mandioca);Farinha;Grãos;1;4,79;4,79;;
2025-08-02;02 de Agosto Elias;Elias;Farinha de trigo;F.Trigo;Grãos;1;3,98;3,98;;
2025-08-02;02 de Agosto Elias;Elias;Farinha láctea;farinha lactea;Outros;1;16,49;16,49;;
2025-08-02;02 de Agosto Elias;Elias;Feijão;Feijao;Grãos;3;6,00;18,00;;
2025-08-02;02 de Agosto Elias;Elias;Fígado de frango;Figado Frango;Carne;1;;;;
2025-08-02;02 de Agosto Elias;Elias;Flocão de milho (cuscuz);Cucuz;Grãos;12;1,08;12,96;;
2025-08-02;02 de Agosto Elias;Elias;Gelatina;Gelatina;Outros;4;;;;
2025-08-02;02 de Agosto Elias;Elias;Goma;Goma;Grãos;2;5,79;11,58;;
2025-08-02;02 de Agosto Elias;Elias;Granola;Granola;Grãos;2;;;;
2025-08-02;02 de Agosto Elias;Elias;Hidratante;hidratante;Outros;1;;;;
2025-08-02;02 de Agosto Elias;Elias;Hidratante;hidratante;Outros;1;10,59;10,59;;
2025-08-02;02 de Agosto Elias;Elias;Iogurte;Iogurte;Outros;4;;;;
2025-08-02;02 de Agosto Elias;Elias;Ketchup;catchup;Outros;1;;;;
2025-08-02;02 de Agosto Elias;Elias;Kinnor;Kinnor;Outros;1;4,49;4,49;;
2025-08-02;02 de Agosto Elias;Elias;Leite condensado;Leite Cond.;Outros;2;;;;
2025-08-02;02 de Agosto Elias;Elias;Leite em pó;Leite em po;Outros;2;27,99;55,98;;
2025-08-02;02 de Agosto Elias;Elias;Macarrão;Macarrão;Grãos;8;1,99;15,92;;
2025-08-02;02 de Agosto Elias;Elias;Maionese;Maionese;Outros;1;;;;
2025-08-02;02 de Agosto Elias;Elias;Manteiga;Manteiga;Outros;1;25,99;25,99;;
2025-08-02;02 de Agosto Elias;Elias;Molho de tomate;M. de Tomate;Outros;1;;;;
2025-08-02;02 de Agosto Elias;Elias;Mortadela;mortadela;Carne;3,512;8,98;31,54;;
2025-08-02;02 de Agosto Elias;Elias;Mortadela 1,5kg;Mortadela 1,5kg;Carne;1;;;;
2025-08-02;02 de Agosto Elias;Elias;Nescau;Nescau;Outros;1;13,68;13,68;;
2025-08-02;02 de Agosto Elias;Elias;Óleo de cozinha;Oleo;Outros;3;8,59;25,77;;
2025-08-02;02 de Agosto Elias;Elias;Ovos (30 un);Ovos(30un);Outros;2;;;;
2025-08-02;02 de Agosto Elias;Elias;Pasta de dente M;P. de Dente M;Outros;1;9,59;9,59;;
2025-08-02;02 de Agosto Elias;Elias;Pedra sanitária;P. Sanitária;Limpeza;8;2,89;23,12;;
2025-08-02;02 de Agosto Elias;Elias;Pimentão;Pimentao;Outros;2;;;;
2025-08-02;02 de Agosto Elias;Elias;Pipoca;Pipoca;Grãos;1;;;;
2025-08-02;02 de Agosto Elias;Elias;Queijo;Queijo;Outros;1;;;;
2025-08-02;02 de Agosto Elias;Elias;Sabão em pó Ypê;Sabão em pó Ypê;Limpeza;2;21,00;42,00;;
2025-08-02;02 de Agosto Elias;Elias;Sabonete;Sabobete;Outros;1;16,99;16,99;;
2025-08-02;02 de Agosto Elias;Elias;Saco de lixo;Saso de lixo;Limpeza;1;24,99;24,99;;
2025-08-02;02 de Agosto Elias;Elias;Sal;Sal;Outros;2;1,05;2,10;;
2025-08-02;02 de Agosto Elias;Elias;Salgadinho;Salgadinho;Outros;1;;;;
2025-09-06;06 de Setembro Elias;Elias;Açúcar;Açucar;Outros;3;3,39;10,17;;
2025-09-06;06 de Setembro Elias;Elias;Adoçante em pó;Adoçante Po;Outros;1;;;;
2025-09-06;06 de Setembro Elias;Elias;Alho;Alho;Outros;0,3;;;;
2025-09-06;06 de Setembro Elias;Elias;Amendoim;Amendoim;Grãos;2;;;;
2025-09-06;06 de Setembro Elias;Elias;Arroz;Arroz;Grãos;3;3,45;10,35;;
2025-09-06;06 de Setembro Elias;Elias;Baygon (inseticida);Bayggon;Limpeza;2;17,49;34,98;;
2025-09-06;06 de Setembro Elias;Elias;Bolacha;Bolacha;Outros;2;;;;
2025-09-06;06 de Setembro Elias;Elias;Bombril;Bombril;Limpeza;1;2,15;2,15;;
2025-09-06;06 de Setembro Elias;Elias;Café;Cafe;Outros;3;14,99;44,97;;
2025-09-06;06 de Setembro Elias;Elias;Calabresa;Calabresa;Carne;1;;;;
2025-09-06;06 de Setembro Elias;Elias;Carne de lata;Carne de lata;Carne;2;8,39;16,78;;
2025-09-06;06 de Setembro Elias;Elias;Carne de lata;Carne de Lata;Carne;4;;;;
2025-09-06;06 de Setembro Elias;Elias;Carne mista 2,5kg;Carbe mista 2,5kg;Carne;1;;;;
2025-09-06;06 de Setembro Elias;Elias;Cebola;Cebola (Kg);Outros;0,5;;;;
2025-09-06;06 de Setembro Elias;Elias;Costela bovina;Costela Bovina;Carne;1;;;;
2025-09-06;06 de Setembro Elias;Elias;Coxa e sobrecoxa;Coxa/SobreC;Carne;1;;;;
2025-09-06;06 de Setembro Elias;Elias;Creme de leite;C. de Leite;Outros;4;;;;
2025-09-06;06 de Setembro Elias;Elias;Detergente;Detergente;Limpeza;2;;;;
2025-09-06;06 de Setembro Elias;Elias;Essência (aromatizador);essência;Limpeza;1;;;;
2025-09-06;06 de Setembro Elias;Elias;Essência de baunilha;Essência Balnilha;Outros;1;;;;
2025-09-06;06 de Setembro Elias;Elias;Farinha de trigo;F.Trigo;Grãos;2;;;;
2025-09-06;06 de Setembro Elias;Elias;Farinha de trigo;Farinha de trigo;Grãos;2;3,85;7,70;;
2025-09-06;06 de Setembro Elias;Elias;Farinha de trigo c/ fermento;Farinha de Trigo c/Ferm;Grãos;1;4,70;4,70;;
2025-09-06;06 de Setembro Elias;Elias;Farinha láctea;farinha lactea;Outros;1;15,98;15,98;;
2025-09-06;06 de Setembro Elias;Elias;Fígado bovino;Figado B. (Kg);Carne;2;;;;
2025-09-06;06 de Setembro Elias;Elias;Flocão de milho (cuscuz);Cucuz;Grãos;10;1,35;13,50;;
2025-09-06;06 de Setembro Elias;Elias;Gelatina;Gelatina;Outros;6;;;;
2025-09-06;06 de Setembro Elias;Elias;Goma;Goma;Grãos;2;4,55;9,10;;
2025-09-06;06 de Setembro Elias;Elias;Hidratante;hidratante;Outros;1;;;;
2025-09-06;06 de Setembro Elias;Elias;Ketchup;catchup;Outros;1;;;;
2025-09-06;06 de Setembro Elias;Elias;Kinnor;Kinnor;Outros;1;;;;
2025-09-06;06 de Setembro Elias;Elias;Leite condensado;Leite Cond.;Outros;3;22,98;68,94;;
2025-09-06;06 de Setembro Elias;Elias;Leite em pó;Leite em po;Outros;3;;;;
2025-09-06;06 de Setembro Elias;Elias;Maionese;Maionese;Outros;1;4,59;4,59;;
2025-09-06;06 de Setembro Elias;Elias;Manteiga;Manteiga;Outros;1;;;;
2025-09-06;06 de Setembro Elias;Elias;Milho verde;Milho Verde;Grãos;4;2,98;11,92;;
2025-09-06;06 de Setembro Elias;Elias;Molho de tomate;M. de Tomate;Outros;2;2,99;5,98;;
2025-09-06;06 de Setembro Elias;Elias;Mortadela 1,5kg;Mortadela 1,5kg;Carne;1;;;;
2025-09-06;06 de Setembro Elias;Elias;Óleo de cozinha;Óleo;Outros;1;8,98;8,98;;
2025-09-06;06 de Setembro Elias;Elias;Ovos (30 un);Ovos(30un);Outros;2;14,98;29,96;;
2025-09-06;06 de Setembro Elias;Elias;Pedra sanitária;P. Sanitária;Limpeza;2;;;;
2025-09-06;06 de Setembro Elias;Elias;Queijo;Queijo;Outros;1;;;;
2025-09-06;06 de Setembro Elias;Elias;Sabão pasta;Sabão Pasta;Limpeza;1;7,49;7,49;;
2025-09-06;06 de Setembro Elias;Elias;Sabonete;Sabobete;Outros;1;;;;
2025-09-06;06 de Setembro Elias;Elias;Sabonete líquido;Sabonete líquido;Outros;1;32,00;32,00;;
2025-09-06;06 de Setembro Elias;Elias;Salgadinho;Salgadinho;Outros;4;5,00;20,00;;
2025-09-06;06 de Setembro Elias;Elias;Sentinela;sentinela;Outros;1;;;;
2025-09-06;06 de Setembro Elias;Elias;Tempero;Tempero;Outros;2;3,00;6,00;;
2025-09-06;06 de Setembro Elias;Elias;Wafer;waffer;Outros;3;2,00;6,00;;
2025-10-04;04 de Outubro Elias;Elias;Açúcar;Açucar;Outros;3;;;;
2025-10-04;04 de Outubro Elias;Elias;Adoçante em pó;Adoçante Po;Outros;1;;;;
2025-10-04;04 de Outubro Elias;Elias;Alho;Alho kg;Outros;0,6;;;;
2025-10-04;04 de Outubro Elias;Elias;Amaciante;Amaciente;Limpeza;1;;;;
2025-10-04;04 de Outubro Elias;Elias;Amendoim;Amendoim;Grãos;1;;;;
2025-10-04;04 de Outubro Elias;Elias;Antitranspirante;Antitranspirante;Outros;1;;;;
2025-10-04;04 de Outubro Elias;Elias;Arroz;Arroz;Grãos;2;;;;
2025-10-04;04 de Outubro Elias;Elias;Batata palha;Batata Palha;Outros;1;;;;
2025-10-04;04 de Outubro Elias;Elias;Baygon (inseticida);Bayggon;Limpeza;1;;;;
2025-10-04;04 de Outubro Elias;Elias;Biscoito recheado;Recheado;Outros;1;;;;
2025-10-04;04 de Outubro Elias;Elias;Bolacha;Bolacha;Outros;2;;;;
2025-10-04;04 de Outubro Elias;Elias;Café;Cafe;Outros;3;;;;
2025-10-04;04 de Outubro Elias;Elias;Carne de lata;Carne de lata;Carne;2;;;;
2025-10-04;04 de Outubro Elias;Elias;Carne mista 2,5kg;Carbe mista 2,5kg;Carne;1;;;;
2025-10-04;04 de Outubro Elias;Elias;Cebola;Cebola (Kg);Outros;2;;;;
2025-10-04;04 de Outubro Elias;Elias;Chimichurri;Chimichurri;Outros;1;;;;
2025-10-04;04 de Outubro Elias;Elias;Costela bovina;Costela Bovina;Carne;1;;;;
2025-10-04;04 de Outubro Elias;Elias;Creme de leite;C. de Leite;Outros;4;;;;
2025-10-04;04 de Outubro Elias;Elias;Detergente;Detergente;Limpeza;4;;;;
2025-10-04;04 de Outubro Elias;Elias;Ervilha/milho;Ervilha/milho;Grãos;4;;;;
2025-10-04;04 de Outubro Elias;Elias;Esponja;Esponja;Limpeza;4;;;;
2025-10-04;04 de Outubro Elias;Elias;Essência (aromatizador);essência;Limpeza;1;;;;
2025-10-04;04 de Outubro Elias;Elias;Farinha de trigo;F.Trigo;Grãos;2;;;;
2025-10-04;04 de Outubro Elias;Elias;Farinha láctea;farinha lactea;Outros;1;;;;
2025-10-04;04 de Outubro Elias;Elias;Feijão;Feijao;Grãos;2;;;;
2025-10-04;04 de Outubro Elias;Elias;Fígado bovino;Figado B. (Kg);Carne;1;;;;
2025-10-04;04 de Outubro Elias;Elias;Gelatina;Gelatina;Outros;4;;;;
2025-10-04;04 de Outubro Elias;Elias;Goma;Goma;Grãos;2;;;;
2025-10-04;04 de Outubro Elias;Elias;Hidratante;hidratante;Outros;1;;;;
2025-10-04;04 de Outubro Elias;Elias;Ketchup;catchup;Outros;1;;;;
2025-10-04;04 de Outubro Elias;Elias;Leite condensado;Leite Cond.;Outros;2;;;;
2025-10-04;04 de Outubro Elias;Elias;Leite em pó;Leite em po;Outros;3;;;;
2025-10-04;04 de Outubro Elias;Elias;Manteiga;Manteiga;Outros;1;;;;
2025-10-04;04 de Outubro Elias;Elias;Nescau;Nescau;Outros;1;;;;
2025-10-04;04 de Outubro Elias;Elias;Ovos (30 un);Ovos(30un);Outros;2;;;;
2025-10-04;04 de Outubro Elias;Elias;P. de frango;P. de frango;Carne;1;;;;
2025-10-04;04 de Outubro Elias;Elias;Pasta de dente M;P. de Dente M;Outros;1;;;;
2025-10-04;04 de Outubro Elias;Elias;Pedra sanitária;P. Sanitária;Limpeza;4;;;;
2025-10-04;04 de Outubro Elias;Elias;Quinó;Quinó;Outros;1;;;;
2025-10-04;04 de Outubro Elias;Elias;Sal;Sal;Outros;1;;;;
2025-10-04;04 de Outubro Elias;Elias;Salgadinho;Salgadinho;Outros;1;;;;
2025-10-04;04 de Outubro Elias;Elias;Wafer;waffer;Outros;1;;;;
2025-11-04;04 de Novembro Elias;Elias;Açúcar;Açucar;Outros;6;3,19;19,14;;
2025-11-04;04 de Novembro Elias;Elias;Adoçante em pó;Adoçante Po;Outros;1;24,50;24,50;;
2025-11-04;04 de Novembro Elias;Elias;Alho;Alho kg;Outros;0,6;;;X/👌;
2025-11-04;04 de Novembro Elias;Elias;Amaciante;Amaciente;Limpeza;1;29,00;29,00;;
2025-11-04;04 de Novembro Elias;Elias;Antitranspirante;Antitranspirante;Outros;1;22,00;22,00;;
2025-11-04;04 de Novembro Elias;Elias;Arroz;Arroz;Grãos;6;2,99;17,94;;
2025-11-04;04 de Novembro Elias;Elias;Batata-doce;Batata Doce;Outros;2;;;x/👌;
2025-11-04;04 de Novembro Elias;Elias;Baygon (inseticida);Bayggon;Limpeza;1;4,89;4,89;;
2025-11-04;04 de Novembro Elias;Elias;Biscoito recheado;Recheado;Outros;2;;;x/👌;
2025-11-04;04 de Novembro Elias;Elias;Bolacha;Bolacha;Outros;2;4,89;9,78;;
2025-11-04;04 de Novembro Elias;Elias;Café;Cafe;Outros;2;14,89;29,78;;
2025-11-04;04 de Novembro Elias;Elias;Calabresa;Calabresa;Carne;1;75,00;75,00;;
2025-11-04;04 de Novembro Elias;Elias;Carne de hambúrguer;Carne Hanbur.;Carne;4;;;X/👌;
2025-11-04;04 de Novembro Elias;Elias;Carne de lata;Carne de lata;Carne;2;6,75;13,50;;
2025-11-04;04 de Novembro Elias;Elias;Cebola;Cebola (Kg);Outros;2;;;X/👌;
2025-11-04;04 de Novembro Elias;Elias;Chimichurri;Chimichurri;Outros;1;;;X/👌;
2025-11-04;04 de Novembro Elias;Elias;Chinelo;Chinelo;Outros;1;50,00;50,00;;
2025-11-04;04 de Novembro Elias;Elias;Creme capilar;Creme Capilar;Outros;1;;;x/👌;
2025-11-04;04 de Novembro Elias;Elias;Creme de leite;C. de Leite;Outros;4;2,48;9,92;;
2025-11-04;04 de Novembro Elias;Elias;Detergente;Detergente;Limpeza;4;;;X/👌;
2025-11-04;04 de Novembro Elias;Elias;Esponja;Esponja;Limpeza;2;;;X/👌;
2025-11-04;04 de Novembro Elias;Elias;Essência (aromatizador);Essência;Limpeza;1;;;X/👌;
2025-11-04;04 de Novembro Elias;Elias;Essência de baunilha;Essência Balnilha;Outros;1;;;X/👌;
2025-11-04;04 de Novembro Elias;Elias;Farinha de trigo;F.Trigo;Grãos;1;3,78;3,78;;
2025-11-04;04 de Novembro Elias;Elias;Farinha de trigo c/ fermento;F.Trigo C/ Ferm;Grãos;2;4,30;8,60;;
2025-11-04;04 de Novembro Elias;Elias;Feijão;Feijao;Grãos;2;4,98;9,96;;
2025-11-04;04 de Novembro Elias;Elias;Fígado bovino;Figado B. (Kg);Carne;1;;;;
2025-11-04;04 de Novembro Elias;Elias;Flanela;Flanela;Limpeza;2;;;X/👌;
2025-11-04;04 de Novembro Elias;Elias;Funil;Funil;Outros;1;;;;
2025-11-04;04 de Novembro Elias;Elias;Gelatina;Gelatina;Outros;8;;;;
2025-11-04;04 de Novembro Elias;Elias;Goma;Goma;Grãos;1;4,88;4,88;;
2025-11-04;04 de Novembro Elias;Elias;Granola;Granola;Grãos;4;28,00;112,00;;
2025-11-04;04 de Novembro Elias;Elias;Hidratante;hidratante;Outros;1;;;X/👌;
2025-11-04;04 de Novembro Elias;Elias;Kinnor;Kinnor;Outros;1;;;X/👌;
2025-11-04;04 de Novembro Elias;Elias;Laranja;Laranja;Outros;4;;;X/👌;
2025-11-04;04 de Novembro Elias;Elias;Leite condensado;Leite Cond.;Outros;1;5,68;5,68;;
2025-11-04;04 de Novembro Elias;Elias;Leite em pó;Leite em po;Outros;3;;;X/👌;
2025-11-04;04 de Novembro Elias;Elias;Lemon pepper;Lemon Piper;Outros;1;4,00;4,00;;
2025-11-04;04 de Novembro Elias;Elias;Liga;Liga;Outros;2;;;;
2025-11-04;04 de Novembro Elias;Elias;Listerine;Listerine;Outros;1;28,00;28,00;;
2025-11-04;04 de Novembro Elias;Elias;Maçã;Maçã;Outros;4;;;X30/👌;
2025-11-04;04 de Novembro Elias;Elias;Macarrão;Macarrão;Grãos;6;1,89;11,34;;
2025-11-04;04 de Novembro Elias;Elias;Macarrão lasanha;Macarrão Lasanha;Grãos;1;;;X/👌;
2025-11-04;04 de Novembro Elias;Elias;Miojo;Miojo;Grãos;20;0,25;5,00;;
2025-11-04;04 de Novembro Elias;Elias;Mistura bolo;Mistura Bolo;Outros;1;;;x/👌;
2025-11-04;04 de Novembro Elias;Elias;Mortadela 1,5kg;Mortadela 1,5kg;Carne;1;;;x/👌;
2025-11-04;04 de Novembro Elias;Elias;Nescafe;Nescafe;Outros;1;;;x/👌;
2025-11-04;04 de Novembro Elias;Elias;Nescau;Nescau;Outros;2;9,80;19,60;;
2025-11-04;04 de Novembro Elias;Elias;Nesquik;Nesquik;Outros;1;14,50;14,50;;
2025-11-04;04 de Novembro Elias;Elias;Óleo de cozinha;Oleo;Outros;1;8,98;8,98;;
2025-11-04;04 de Novembro Elias;Elias;Óleo Mobil;Óleo Mobile;Outros;1;28,00;28,00;;
2025-11-04;04 de Novembro Elias;Elias;Ovos (30 un);Ovos(30un);Outros;2;14,58;29,16;;
2025-11-04;04 de Novembro Elias;Elias;Pano de microfibra;Pano micro Fibra;Limpeza;1;17,00;17,00;;
2025-11-04;04 de Novembro Elias;Elias;Papel alumínio;PAPEL alumínio;Outros;1;7,00;7,00;;
2025-11-04;04 de Novembro Elias;Elias;Pasta de dente M;P. de Dente M;Outros;1;5,98;5,98;;
2025-11-04;04 de Novembro Elias;Elias;Pedra sanitária;P. Sanitária;Limpeza;4;2,82;11,28;;
2025-11-04;04 de Novembro Elias;Elias;Pimentão;Pimentao;Outros;2;;;x/👌;
2025-11-04;04 de Novembro Elias;Elias;Piraquê;Piraquê;Outros;2;4,29;8,58;;
2025-11-04;04 de Novembro Elias;Elias;Prendedor de roupa;Pegador se roupa;Outros;2;;;;
2025-11-04;04 de Novembro Elias;Elias;Quinó;Quinó;Outros;1;3,48;3,48;;
2025-11-04;04 de Novembro Elias;Elias;Refil difusor essência;Refil Difusor Essência;Limpeza;1;22,00;22,00;;
2025-11-04;04 de Novembro Elias;Elias;Sabão em pó Ypê;Sabão em pó Ypê;Limpeza;1;16,98;16,98;;
2025-11-04;04 de Novembro Elias;Elias;Sabão pasta;Sabão Pasta;Limpeza;1;;;X/👌;
2025-11-04;04 de Novembro Elias;Elias;Sabonete;Sabobete;Outros;1;5,50;5,50;;
2025-11-04;04 de Novembro Elias;Elias;Sal;Sal;Outros;1;2,00;2,00;;
2025-11-04;04 de Novembro Elias;Elias;Shampoo;shampoo;Outros;1;;;x/👌;
2025-11-04;04 de Novembro Elias;Elias;Tempero baiano;Temp. Baiano;Outros;1;2,39;2,39;;
2025-11-04;04 de Novembro Elias;Elias;Tempero Edu;Temp Edu;Outros;1;2,68;2,68;;
2025-11-04;04 de Novembro Elias;Elias;Tempero Gourmet;Temp Gurme;Outros;1;;;x/👌;
2025-11-04;04 de Novembro Elias;Elias;Uva;Uva;Outros;1;;;x/👌;
2025-11-04;04 de Novembro Elias;Elias;Vassoura;Vassoura;Limpeza;2;13,99;27,98;;
2025-11-04;04 de Novembro Elias;Elias;Wafer;waffer;Outros;1;19,89;19,89;;
2025-12-06;06 de Dezembro Elias;Elias;Adoçante gotas;Adoçante Gota;Outros;1;24,49;24,49;;Peguei o em pó mesmo
2025-12-06;06 de Dezembro Elias;Elias;Amaciante;Amaciente;Limpeza;1;;;X/👌;
2025-12-06;06 de Dezembro Elias;Elias;Amendoim;Amendoim;Grãos;2;16,89;33,78;;
2025-12-06;06 de Dezembro Elias;Elias;Antitranspirante;Antitranspirante;Outros;1;;;X/👌;
2025-12-06;06 de Dezembro Elias;Elias;Batata;Batata;Outros;4;;;X/👌;
2025-12-06;06 de Dezembro Elias;Elias;Batata palha;Batata Palha;Outros;1;;;X/👌;
2025-12-06;06 de Dezembro Elias;Elias;Baygon (inseticida);Bayggon;Limpeza;2;14,89;29,78;;
2025-12-06;06 de Dezembro Elias;Elias;Bolacha;Bolacha;Outros;2;5,89;11,78;;
2025-12-06;06 de Dezembro Elias;Elias;Cacau em pó;Cacal em Po;Outros;1;24,37;24,37;;
2025-12-06;06 de Dezembro Elias;Elias;Carne de lata;Carne de Lata;Carne;4;8,59;34,36;;
2025-12-06;06 de Dezembro Elias;Elias;Carne mista 2,5kg;Carbe mista 2,5kg;Carne;1;;;X/👌;
2025-12-06;06 de Dezembro Elias;Elias;Cebola;Cebola (Kg);Outros;2;5,00;10,00;;
2025-12-06;06 de Dezembro Elias;Elias;Creme de leite;C. de Leite;Outros;4;2,38;9,52;;
2025-12-06;06 de Dezembro Elias;Elias;Desinfetante;Desinfetante;Limpeza;1;7,48;7,48;;
2025-12-06;06 de Dezembro Elias;Elias;Detergente;Detergente;Limpeza;4;2,42;9,68;;
2025-12-06;06 de Dezembro Elias;Elias;Ervilha/milho;Ervilha/milho;Grãos;4;;;X/👌;
2025-12-06;06 de Dezembro Elias;Elias;Esponja;Esponja;Limpeza;1;9,00;9,00;;
2025-12-06;06 de Dezembro Elias;Elias;Essência de baunilha;Essência Balnilha;Outros;1;11,99;11,99;;
2025-12-06;06 de Dezembro Elias;Elias;Farinha de trigo c/ fermento;F.Trigo C/ Ferm;Grãos;2;5,00;10,00;;
2025-12-06;06 de Dezembro Elias;Elias;Farinha láctea;farinha lactea;Outros;1;;;X/👌;
2025-12-06;06 de Dezembro Elias;Elias;Fígado bovino;Figado B. (Kg);Carne;2;;;X/👌;
2025-12-06;06 de Dezembro Elias;Elias;Flanela;Flanela;Limpeza;1;;;X/👌;
2025-12-06;06 de Dezembro Elias;Elias;Gelatina;Gelatina;Outros;8;2,10;16,80;;
2025-12-06;06 de Dezembro Elias;Elias;Granola;Granola;Grãos;2;19,59;39,18;;
2025-12-06;06 de Dezembro Elias;Elias;Hidratante;hidratante;Outros;1;;;X/👌;
2025-12-06;06 de Dezembro Elias;Elias;Laranja;Laranja;Outros;1;;;X/👌;
2025-12-06;06 de Dezembro Elias;Elias;Leite condensado;Leite Cond.;Outros;2;5,38;10,76;;
2025-12-06;06 de Dezembro Elias;Elias;Leite em pó;Leite em po;Outros;1;;;X/👌;
2025-12-06;06 de Dezembro Elias;Elias;Manteiga;Manteiga;Outros;1;26,48;26,48;;
2025-12-06;06 de Dezembro Elias;Elias;Milho verde;Milho Verde;Grãos;4;2,79;11,16;;
2025-12-06;06 de Dezembro Elias;Elias;Misturinha;Misturinha;Outros;2;;;X/👌;
2025-12-06;06 de Dezembro Elias;Elias;Ovos (30 un);Ovos(30un);Outros;1;17,00;17,00;;
2025-12-06;06 de Dezembro Elias;Elias;Pedra sanitária;P. Sanitária;Limpeza;4;2,82;11,28;;
2025-12-06;06 de Dezembro Elias;Elias;Peito de frango;Peito de Frango;Carne;1;62,18;62,18;;
2025-12-06;06 de Dezembro Elias;Elias;Piraquê;Piraquê;Outros;5;4,79;23,95;;
2025-12-06;06 de Dezembro Elias;Elias;Refil difusor essência;Refil Difusor Essência;Limpeza;1;;;;
2025-12-06;06 de Dezembro Elias;Elias;Sabão em pó Ypê;Sabão em pó Ypê;Limpeza;2;8,90;17,80;;
2026-01-31;31 JANEIROS 2026 Elias;Elias;Açúcar;Açucar;Outros;5;2,75;13,75;;
2026-01-31;31 JANEIROS 2026 Elias;Elias;Adoçante gotas;Adoçante Gota;Outros;4;2,68;10,72;;Peguei o em pó mesmo
2026-01-31;31 JANEIROS 2026 Elias;Elias;Amaciante;Amaciente;Limpeza;1;18,99;18,99;;
2026-01-31;31 JANEIROS 2026 Elias;Elias;Café;Cafe;Outros;2;12,98;25,96;;
2026-01-31;31 JANEIROS 2026 Elias;Elias;Creme capilar;Creme Capilar;Outros;1;27,29;27,29;;
2026-01-31;31 JANEIROS 2026 Elias;Elias;Creme de leite;C. de Leite;Outros;3;2,80;8,40;;
2026-01-31;31 JANEIROS 2026 Elias;Elias;Essência (aromatizador);Essência;Limpeza;2;19,99;39,98;;
2026-01-31;31 JANEIROS 2026 Elias;Elias;Farinha de trigo;Farinha de trigo;Grãos;1;3,75;3,75;;
2026-01-31;31 JANEIROS 2026 Elias;Elias;Farinha de trigo c/ fermento;Farinha de Trigo c/Ferm;Grãos;1;4,90;4,90;;
2026-01-31;31 JANEIROS 2026 Elias;Elias;Farinha láctea;farinha lactea;Outros;2;17,00;34,00;;
2026-01-31;31 JANEIROS 2026 Elias;Elias;Flocão de milho (cuscuz);Cucuz;Grãos;8;1,45;11,60;;
2026-01-31;31 JANEIROS 2026 Elias;Elias;Goma;Goma;Grãos;2;4,98;9,96;;
2026-01-31;31 JANEIROS 2026 Elias;Elias;Kinnor;Kinnor;Outros;1;4,49;4,49;;
2026-01-31;31 JANEIROS 2026 Elias;Elias;Leite em pó;Leite em po;Outros;2;24,99;49,98;;
2026-01-31;31 JANEIROS 2026 Elias;Elias;Macarrão;Macarrão;Grãos;5;1,99;9,95;;
2026-01-31;31 JANEIROS 2026 Elias;Elias;Manteiga;Manteiga;Outros;1;24,68;24,68;;
2026-01-31;31 JANEIROS 2026 Elias;Elias;Milho verde;Milho Verde;Grãos;3;3,49;10,47;;
2026-01-31;31 JANEIROS 2026 Elias;Elias;Molho de tomate;M. de Tomate;Outros;4;2,50;10,00;;
2026-01-31;31 JANEIROS 2026 Elias;Elias;Pipoca;Pipoca;Grãos;2;3,39;6,78;;
2026-01-31;31 JANEIROS 2026 Elias;Elias;Piraquê;Piraquê;Outros;2;4,89;9,78;;
2026-01-31;31 JANEIROS 2026 Elias;Elias;Sabão em pó Ypê;Sabão em pó Ypê;Limpeza;2;16,98;33,96;;
2026-01-31;31 JANEIROS 2026 Elias;Elias;Sabonete;Sabobete;Outros;3;5,99;17,97;;
2026-01-31;31 JANEIROS 2026 Elias;Elias;Sal;Sal;Outros;1;1,05;1,05;;
2026-01-31;31 JANEIROS 2026 Elias;Elias;Shampoo;shampoo;Outros;1;7,49;7,49;;
2026-01-31;31 JANEIROS 2026 Elias;Elias;Wafer;waffer;Outros;4;2,00;8,00;;
2026-03-07;07 MARÇO 2026 Elias;Elias;Açúcar;Açucar;Outros;4;2,99;11,96;;
2026-03-07;07 MARÇO 2026 Elias;Elias;Água sanitária;Água sanitária;Limpeza;1;;;;
2026-03-07;07 MARÇO 2026 Elias;Elias;Alho;Alho kg;Outros;0,2;;;;
2026-03-07;07 MARÇO 2026 Elias;Elias;Amaciante;Amaciente;Limpeza;1;11,98;11,98;;
2026-03-07;07 MARÇO 2026 Elias;Elias;Amendoim;Amendoim;Grãos;2;;;;
2026-03-07;07 MARÇO 2026 Elias;Elias;Antitranspirante;Antitranspirante;Outros;1;23,39;23,39;;
2026-03-07;07 MARÇO 2026 Elias;Elias;Arroz;Arroz;Grãos;4;2,88;11,52;;
2026-03-07;07 MARÇO 2026 Elias;Elias;Batata;Batata;Outros;2;;;;
2026-03-07;07 MARÇO 2026 Elias;Elias;Baygon (inseticida);Bayggon;Limpeza;2;16,48;32,96;;
2026-03-07;07 MARÇO 2026 Elias;Elias;Biscoito recheado;Recheado;Outros;3;3,00;9,00;;
2026-03-07;07 MARÇO 2026 Elias;Elias;Bolacha;Bolacha;Outros;3;6,00;18,00;;
2026-03-07;07 MARÇO 2026 Elias;Elias;Café;Cafe;Outros;4;15,48;61,92;;
2026-03-07;07 MARÇO 2026 Elias;Elias;Calabresa;Calabresa;Carne;1;;;;
2026-03-07;07 MARÇO 2026 Elias;Elias;Carne de lata;Carne de Lata;Carne;2;;;;
2026-03-07;07 MARÇO 2026 Elias;Elias;Cebola;Cebola (Kg);Outros;2;;;;
2026-03-07;07 MARÇO 2026 Elias;Elias;Costela bovina;Costela Bovina;Carne;1;;;;
2026-03-07;07 MARÇO 2026 Elias;Elias;Creme de leite;C. de Leite;Outros;2;2,83;5,66;;
2026-03-07;07 MARÇO 2026 Elias;Elias;Desinfetante;Desinfetante;Limpeza;2;;;;
2026-03-07;07 MARÇO 2026 Elias;Elias;Detergente;Detergente;Limpeza;2;;;;
2026-03-07;07 MARÇO 2026 Elias;Elias;Essência (aromatizador);Essência;Limpeza;2;17,00;34,00;;
2026-03-07;07 MARÇO 2026 Elias;Elias;Farinha (mandioca);Farinha;Grãos;1;;;;
2026-03-07;07 MARÇO 2026 Elias;Elias;Farinha de trigo;F.Trigo;Grãos;3;3,29;9,87;;
2026-03-07;07 MARÇO 2026 Elias;Elias;Farinha de trigo c/ fermento;F.Trigo C/ Ferm;Grãos;2;5,00;10,00;;
2026-03-07;07 MARÇO 2026 Elias;Elias;Farinha láctea;farinha lactea;Outros;2;;;;
2026-03-07;07 MARÇO 2026 Elias;Elias;Feijão;Feijao;Grãos;1;;;;
2026-03-07;07 MARÇO 2026 Elias;Elias;Fígado bovino;Figado B. (Kg);Carne;1;;;;
2026-03-07;07 MARÇO 2026 Elias;Elias;Flocão de milho (cuscuz);Cucuz;Grãos;6;1,59;9,54;;
2026-03-07;07 MARÇO 2026 Elias;Elias;Goma;Goma;Grãos;2;4,48;8,96;;
2026-03-07;07 MARÇO 2026 Elias;Elias;H2OH limão;H2OH Limão;Outros;1;23,36;23,36;;
2026-03-07;07 MARÇO 2026 Elias;Elias;Hidratante;hidratante;Outros;1;;;;
2026-03-07;07 MARÇO 2026 Elias;Elias;Kinnor;Kinnor;Outros;1;4,49;4,49;;
2026-03-07;07 MARÇO 2026 Elias;Elias;Leite condensado;Leite Cond.;Outros;2;5,69;11,38;;
2026-03-07;07 MARÇO 2026 Elias;Elias;Leite em pó;Leite em po;Outros;2;33,99;67,98;;
2026-03-07;07 MARÇO 2026 Elias;Elias;Lemon pepper;Lemon Piper;Outros;1;;;;
2026-03-07;07 MARÇO 2026 Elias;Elias;Listerine;Listerine;Outros;1;;;;
2026-03-07;07 MARÇO 2026 Elias;Elias;Listerine;Listerine;Outros;1;20,10;20,10;;
2026-03-07;07 MARÇO 2026 Elias;Elias;Maçã;Maçã;Outros;4;;;;
2026-03-07;07 MARÇO 2026 Elias;Elias;Macarrão lasanha;Macarrão Lasanha;Grãos;1;;;;
2026-03-07;07 MARÇO 2026 Elias;Elias;Manteiga;Manteiga;Outros;1;23,99;23,99;;
2026-03-07;07 MARÇO 2026 Elias;Elias;Milho verde;Milho Verde;Grãos;4;2,88;11,52;;
2026-03-07;07 MARÇO 2026 Elias;Elias;Miojo;Miojo;Grãos;8;;;;
2026-03-07;07 MARÇO 2026 Elias;Elias;Misturinha;Misturinha;Outros;2;;;;
2026-03-07;07 MARÇO 2026 Elias;Elias;Óleo de cozinha;Oleo;Outros;2;6,89;13,78;;
2026-03-07;07 MARÇO 2026 Elias;Elias;Óleo Mobil;Óleo Mobile;Outros;1;;;;
2026-03-07;07 MARÇO 2026 Elias;Elias;Ovos (30 un);Ovos(30un);Outros;2;;;;
2026-03-07;07 MARÇO 2026 Elias;Elias;Pasta de dente M;P. de Dente M;Outros;2;7,98;15,96;;
2026-03-07;07 MARÇO 2026 Elias;Elias;Pedra sanitária;P. Sanitária;Limpeza;2;;;;
2026-03-07;07 MARÇO 2026 Elias;Elias;Peito de frango;Peito de Frango;Carne;4;;;;
2026-03-07;07 MARÇO 2026 Elias;Elias;Pimentão;Pimentao;Outros;1;;;;
2026-03-07;07 MARÇO 2026 Elias;Elias;Pipoca;Pipoca;Grãos;2;2,38;4,76;;
2026-03-07;07 MARÇO 2026 Elias;Elias;Sabão em pó Ypê;Sabão em pó Ypê;Limpeza;2;;;;
2026-03-07;07 MARÇO 2026 Elias;Elias;Sabonete;Sabobete;Outros;3;5,90;17,70;;
2026-03-07;07 MARÇO 2026 Elias;Elias;Saco de lixo;Saso de lixo;Limpeza;1;;;;
2026-03-07;07 MARÇO 2026 Elias;Elias;Sal;Sal;Outros;1;1,05;1,05;;
2026-03-07;07 MARÇO 2026 Elias;Elias;Salgadinho;Salgadinho;Outros;4;2,10;8,40;;
2026-03-07;07 MARÇO 2026 Elias;Elias;Sopão;Sopão;Outros;2;8,89;17,78;;
2026-03-07;07 MARÇO 2026 Elias;Elias;Tempero baiano;Temp. Baiano;Outros;1;9,98;9,98;;
2026-03-07;07 MARÇO 2026 Elias;Elias;Tempero Edu;Temp Edu;Outros;1;10,59;10,59;;
2026-03-07;07 MARÇO 2026 Elias;Elias;Tempero regional frango;Temp. Reg. Feango;Outros;1;8,89;8,89;;
2026-03-07;07 MARÇO 2026 Elias;Elias;Tênis Pé Baruel (talco);TÊNIS PÉ BARUEL;Outros;1;;;;
2026-03-07;07 MARÇO 2026 Elias;Elias;Tomate;Tomate;Outros;1;;;;
2026-03-07;07 MARÇO 2026 Elias;Elias;Uva;Uva;Outros;1;;;;
2026-03-07;07 MARÇO 2026 Elias;Elias;Vinagre;Vinagre;Outros;1;1,19;1,19;;
2026-03-07;07 MARÇO 2026 Elias;Elias;Wafer;waffer;Outros;2;;;;
2026-03-07;07 MARÇO 2026 Elias;Elias;Wafer;waffer;Outros;4;1,41;5,64;;
2026-04-04;04 ABRIL 2026 Elias;Elias;Açúcar;Açucar;Outros;4;3,79;15,16;;
2026-04-04;04 ABRIL 2026 Elias;Elias;Adoçante em pó;Adoçante Po;Outros;1;24,49;24,49;;
2026-04-04;04 ABRIL 2026 Elias;Elias;Adoçante gotas;Adoçante Gota;Outros;2;;;;
2026-04-04;04 ABRIL 2026 Elias;Elias;Alho;Alho kg;Outros;0,2;;;;
2026-04-04;04 ABRIL 2026 Elias;Elias;Amaciante;Amaciente;Limpeza;1;10,98;10,98;;
2026-04-04;04 ABRIL 2026 Elias;Elias;Amendoim;Amendoim;Grãos;2;16,89;33,78;;
2026-04-04;04 ABRIL 2026 Elias;Elias;Arroz;Arroz;Grãos;10;3,15;31,50;;
2026-04-04;04 ABRIL 2026 Elias;Elias;Baygon (inseticida);Bayggon;Limpeza;2;18,89;37,78;;
2026-04-04;04 ABRIL 2026 Elias;Elias;Bolacha;Bolacha;Outros;2;4,89;9,78;;
2026-04-04;04 ABRIL 2026 Elias;Elias;Bombril;Bombril;Limpeza;2;;;;
2026-04-04;04 ABRIL 2026 Elias;Elias;Café;Cafe;Outros;3;12,33;36,99;;
2026-04-04;04 ABRIL 2026 Elias;Elias;Cebola;Cebola (Kg);Outros;2;;;;
2026-04-04;04 ABRIL 2026 Elias;Elias;Cotonete;Contonete;Outros;1;;;;
2026-04-04;04 ABRIL 2026 Elias;Elias;Creme capilar;Creme Capilar;Outros;1;;;;
2026-04-04;04 ABRIL 2026 Elias;Elias;Creme de barbear;Creme de Barbear;Outros;1;9,49;9,49;;
2026-04-04;04 ABRIL 2026 Elias;Elias;Creme de leite;C. de Leite;Outros;2;;;;
2026-04-04;04 ABRIL 2026 Elias;Elias;Desinfetante;Desinfetante;Limpeza;1;;;;
2026-04-04;04 ABRIL 2026 Elias;Elias;Detergente;Detergente;Limpeza;1;1,95;1,95;;Limpou pois n tinha Ype
2026-04-04;04 ABRIL 2026 Elias;Elias;Ervilha/milho;Ervilha/milho;Grãos;2;2,89;5,78;;
2026-04-04;04 ABRIL 2026 Elias;Elias;Essência (aromatizador);Essência;Limpeza;2;;;;
2026-04-04;04 ABRIL 2026 Elias;Elias;Essência de baunilha;Essência Balnilha;Outros;1;;;;
2026-04-04;04 ABRIL 2026 Elias;Elias;Farinha de trigo;F.Trigo;Grãos;2;3,58;7,16;;
2026-04-04;04 ABRIL 2026 Elias;Elias;Farinha de trigo c/ fermento;F.Trigo C/ Ferm;Grãos;1;4,89;4,89;;
2026-04-04;04 ABRIL 2026 Elias;Elias;Feijão;Feijao;Grãos;2;4,49;8,98;;
2026-04-04;04 ABRIL 2026 Elias;Elias;Fermento químico;Fermento Químico;Outros;1;13,99;13,99;;
2026-04-04;04 ABRIL 2026 Elias;Elias;Flocão de milho (cuscuz);Cucuz;Grãos;10;1,25;12,50;;
2026-04-04;04 ABRIL 2026 Elias;Elias;Goma;Goma;Grãos;2;5,79;11,58;;
2026-04-04;04 ABRIL 2026 Elias;Elias;Kinnor;Kinnor;Outros;1;4,49;4,49;;
2026-04-04;04 ABRIL 2026 Elias;Elias;Leite condensado;Leite Cond.;Outros;1;;;;
2026-04-04;04 ABRIL 2026 Elias;Elias;Leite em pó;Leite em po;Outros;3;33,99;101,97;;
2026-04-04;04 ABRIL 2026 Elias;Elias;Maçã;Maçã;Outros;4;;;;
2026-04-04;04 ABRIL 2026 Elias;Elias;Macarrão;Macarrão;Grãos;4;1,79;7,16;;
2026-04-04;04 ABRIL 2026 Elias;Elias;Macarrão lasanha;Macarrão Lasanha;Grãos;1;;;;
2026-04-04;04 ABRIL 2026 Elias;Elias;Manteiga;Manteiga;Outros;1;28,99;28,99;;
2026-04-04;04 ABRIL 2026 Elias;Elias;Miojo;Miojo;Grãos;4;;;;
2026-04-04;04 ABRIL 2026 Elias;Elias;Mortadela;mortadela;Carne;1;22,98;22,98;;
2026-04-04;04 ABRIL 2026 Elias;Elias;Óleo de cozinha;Oleo;Outros;2;8,89;17,78;;
2026-04-04;04 ABRIL 2026 Elias;Elias;Ovos (30 un);Ovos(30un);Outros;2;17,78;35,56;;
2026-04-04;04 ABRIL 2026 Elias;Elias;Pedra sanitária;P. Sanitária;Limpeza;2;2,89;5,78;;
2026-04-04;04 ABRIL 2026 Elias;Elias;Pimentão;Pimentao;Outros;2;;;;
2026-04-04;04 ABRIL 2026 Elias;Elias;Piraquê;Piraquê;Outros;2;8,99;17,98;;
2026-04-04;04 ABRIL 2026 Elias;Elias;Refil difusor essência;Refil Difusor Essência;Limpeza;1;15,00;15,00;;
2026-04-04;04 ABRIL 2026 Elias;Elias;Sabão em pó Ypê;Sabão em pó Ypê;Limpeza;1;16,49;16,49;;
2026-04-04;04 ABRIL 2026 Elias;Elias;Saco de lixo;Saso de lixo;Limpeza;1;;;;
2026-04-04;04 ABRIL 2026 Elias;Elias;Salgado;Salgado;Outros;4;;;;
2026-04-04;04 ABRIL 2026 Elias;Elias;Wafer;waffer;Outros;2;;;;
2026-05-09;09 MAIL 2026 Elias;Elias;Antitranspirante;Antitranspirante;Outros;1;24,99;24,99;;
2026-05-09;09 MAIL 2026 Elias;Elias;Aveia;Aveia;Grãos;1;9,49;9,49;;
2026-05-09;09 MAIL 2026 Elias;Elias;Batata;Batata;Outros;2;;;;
2026-05-09;09 MAIL 2026 Elias;Elias;Baygon (inseticida);Bayggon;Limpeza;2;18,00;36,00;;
2026-05-09;09 MAIL 2026 Elias;Elias;Biscoito recheado;Recheado;Outros;4;2,00;8,00;;
2026-05-09;09 MAIL 2026 Elias;Elias;Bolacha;Bolacha;Outros;4;5,79;23,16;;
2026-05-09;09 MAIL 2026 Elias;Elias;Bombril;Bombril;Limpeza;1;1,18;1,18;;
2026-05-09;09 MAIL 2026 Elias;Elias;Café;Cafe;Outros;3;13,98;41,94;;
2026-05-09;09 MAIL 2026 Elias;Elias;Calabresa;Calabresa;Carne;1;;;;
2026-05-09;09 MAIL 2026 Elias;Elias;Carne mista 2,5kg;Carbe mista 2,5kg;Carne;1;;;;
2026-05-09;09 MAIL 2026 Elias;Elias;Cebola;Cebola (Kg);Outros;2;;;;
2026-05-09;09 MAIL 2026 Elias;Elias;Cotonete;Contonete;Outros;1;6,49;6,49;;
2026-05-09;09 MAIL 2026 Elias;Elias;Creme de leite;C. de Leite;Outros;4;;;;
2026-05-09;09 MAIL 2026 Elias;Elias;Desinfetante;Desinfetante;Limpeza;1;;;;
2026-05-09;09 MAIL 2026 Elias;Elias;Detergente;Detergente;Limpeza;2;2,69;5,38;;Limpou pois n tinha Ype
2026-05-09;09 MAIL 2026 Elias;Elias;Essência de baunilha;Essência Balnilha;Outros;1;12,49;12,49;;
2026-05-09;09 MAIL 2026 Elias;Elias;Fígado bovino;Figado B. (Kg);Carne;1;;;;
2026-05-09;09 MAIL 2026 Elias;Elias;Flocão de milho (cuscuz);Cucuz;Grãos;4;1,58;6,32;;
2026-05-09;09 MAIL 2026 Elias;Elias;Gelatina;Gelatina;Outros;6;;;;
2026-05-09;09 MAIL 2026 Elias;Elias;Gilete;gilete;Outros;6;;;;
2026-05-09;09 MAIL 2026 Elias;Elias;H2OH limão;H2OH Limão;Outros;1;;;;
2026-05-09;09 MAIL 2026 Elias;Elias;Leite em pó;Leite em po;Outros;3;32,45;97,35;;
2026-05-09;09 MAIL 2026 Elias;Elias;Maçã;Maçã;Outros;6;;;;
2026-05-09;09 MAIL 2026 Elias;Elias;Macarrão;Macarrão;Grãos;4;1,75;7,00;;
2026-05-09;09 MAIL 2026 Elias;Elias;Óleo Mobil;Óleo Mobile;Outros;1;;;;
2026-05-09;09 MAIL 2026 Elias;Elias;Ovos (30 un);Ovos(30un);Outros;2;;;;
2026-05-09;09 MAIL 2026 Elias;Elias;Refil difusor essência;Refil Difusor Essência;Limpeza;2;;;;
2026-05-09;09 MAIL 2026 Elias;Elias;Sabão em pó Ypê;Sabão em pó Ypê;Limpeza;1;17,39;17,39;;
2026-05-09;09 MAIL 2026 Elias;Elias;Sabonete;Sabobete;Outros;2;;;;
2026-05-09;09 MAIL 2026 Elias;Elias;Saco de lixo;Saso de lixo;Limpeza;1;;;;
2026-05-09;09 MAIL 2026 Elias;Elias;Sal;Sal;Outros;1;1,00;1,00;;
2026-05-09;09 MAIL 2026 Elias;Elias;Salgadinho;Salgadinho;Outros;6;;;;
2026-05-09;09 MAIL 2026 Elias;Elias;Sentinela;sentinela;Outros;2;;;;
2026-05-09;09 MAIL 2026 Elias;Elias;Tempero regional frango;Temp. Reg. Feango;Outros;1;;;;
2026-05-09;09 MAIL 2026 Elias;Elias;Tênis Pé Baruel (talco);TÊNIS PÉ BARUEL;Outros;1;8,99;8,99;;
2026-05-09;09 MAIL 2026 Elias;Elias;Vinagre;Vinagre;Outros;2;;;;
2026-05-31;31 MAIO 2026 ELIAS - FEIRA JUNH;Elias;Açúcar;Açucar;Outros;2;;;X/👌;
2026-05-31;31 MAIO 2026 ELIAS - FEIRA JUNH;Elias;Água sanitária;Água Sanitária;Limpeza;1;1,79;1,79;;
2026-05-31;31 MAIO 2026 ELIAS - FEIRA JUNH;Elias;Amendoim;Amendoim;Grãos;2;;;X/👌;
2026-05-31;31 MAIO 2026 ELIAS - FEIRA JUNH;Elias;Aveia;Aveia;Grãos;1;11,99;11,99;;
2026-05-31;31 MAIO 2026 ELIAS - FEIRA JUNH;Elias;Azeitona verde;Azeitona Verde;Outros;2;5,69;11,38;;
2026-05-31;31 MAIO 2026 ELIAS - FEIRA JUNH;Elias;Batata;Batata;Outros;1;;;x/👌;
2026-05-31;31 MAIO 2026 ELIAS - FEIRA JUNH;Elias;Baygon (inseticida);Bayggon;Limpeza;2;20,00;40,00;;
2026-05-31;31 MAIO 2026 ELIAS - FEIRA JUNH;Elias;Bolacha;Bolacha;Outros;2;4,48;8,96;;
2026-05-31;31 MAIO 2026 ELIAS - FEIRA JUNH;Elias;Café;Cafe;Outros;2;13,98;27,96;;
2026-05-31;31 MAIO 2026 ELIAS - FEIRA JUNH;Elias;Calabresa;Calabresa;Carne;1;;;X/👌;
2026-05-31;31 MAIO 2026 ELIAS - FEIRA JUNH;Elias;Cebola;Cebola (Kg);Outros;1;;;X/👌;
2026-05-31;31 MAIO 2026 ELIAS - FEIRA JUNH;Elias;Chimichurri;Phimichurri;Outros;1;;;;
2026-05-31;31 MAIO 2026 ELIAS - FEIRA JUNH;Elias;Costela bovina;Costela Bovina;Carne;1;;;X/👌;
2026-05-31;31 MAIO 2026 ELIAS - FEIRA JUNH;Elias;Creme de barbear;Creme de Barbear;Outros;1;;;X/👌;
2026-05-31;31 MAIO 2026 ELIAS - FEIRA JUNH;Elias;Creme de leite;C. de Leite;Outros;2;3,45;6,90;;
2026-05-31;31 MAIO 2026 ELIAS - FEIRA JUNH;Elias;Detergente;Detergente;Limpeza;2;2,69;5,38;;Limpou pois n tinha Ype
2026-05-31;31 MAIO 2026 ELIAS - FEIRA JUNH;Elias;Essência de baunilha;Essência Balnilha;Outros;1;;;X/👌;
2026-05-31;31 MAIO 2026 ELIAS - FEIRA JUNH;Elias;Farinha de trigo;F.Trigo;Grãos;2;3,58;7,16;;
2026-05-31;31 MAIO 2026 ELIAS - FEIRA JUNH;Elias;Farinha de trigo c/ fermento;F.Trigo C/ Ferm;Grãos;1;3,85;3,85;;
2026-05-31;31 MAIO 2026 ELIAS - FEIRA JUNH;Elias;Fermento químico;Fermento Químico;Outros;1;;;X/👌;
2026-05-31;31 MAIO 2026 ELIAS - FEIRA JUNH;Elias;Fígado bovino;Figado B. (Kg);Carne;1;10,00;10,00;;
2026-05-31;31 MAIO 2026 ELIAS - FEIRA JUNH;Elias;Flocão de milho (cuscuz);Cucuz;Grãos;4;;;X/👌;
2026-05-31;31 MAIO 2026 ELIAS - FEIRA JUNH;Elias;Gelatina;Gelatina;Outros;4;;;X/👌;
2026-05-31;31 MAIO 2026 ELIAS - FEIRA JUNH;Elias;Goma;Goma;Grãos;2;6,49;12,98;;
2026-05-31;31 MAIO 2026 ELIAS - FEIRA JUNH;Elias;H2OH limão;H2OH Limão;Outros;4;5,00;20,00;;
2026-05-31;31 MAIO 2026 ELIAS - FEIRA JUNH;Elias;Iogurte;Iogurte;Outros;1;7,00;7,00;;
2026-05-31;31 MAIO 2026 ELIAS - FEIRA JUNH;Elias;Laranja;Laranja;Outros;1;;;X/👌;
2026-05-31;31 MAIO 2026 ELIAS - FEIRA JUNH;Elias;Leite em pó;Leite em po;Outros;2;25,00;50,00;;
2026-05-31;31 MAIO 2026 ELIAS - FEIRA JUNH;Elias;Listerine;Listerine;Outros;1;;;X/👌;
2026-05-31;31 MAIO 2026 ELIAS - FEIRA JUNH;Elias;Maçã;Maçã;Outros;1;20,00;20,00;;
2026-05-31;31 MAIO 2026 ELIAS - FEIRA JUNH;Elias;Macarrão parafuso;Macarrão Parafuso;Grãos;1;4,00;4,00;;
2026-05-31;31 MAIO 2026 ELIAS - FEIRA JUNH;Elias;Molho de pimenta;Molho de Pimenta;Outros;1;2,50;2,50;;
2026-05-31;31 MAIO 2026 ELIAS - FEIRA JUNH;Elias;Naftalina;Naftalina;Limpeza;5;2,50;12,50;;
2026-05-31;31 MAIO 2026 ELIAS - FEIRA JUNH;Elias;Óleo de cozinha;Oleo;Outros;1;7,46;7,46;;
2026-05-31;31 MAIO 2026 ELIAS - FEIRA JUNH;Elias;Óleo Mobil;Óleo Mobile;Outros;1;;;;
2026-05-31;31 MAIO 2026 ELIAS - FEIRA JUNH;Elias;Ovos (20 un);Ovos(20un);Outros;2;11,00;22,00;;
2026-05-31;31 MAIO 2026 ELIAS - FEIRA JUNH;Elias;Pasta de amendoim;Pasta de Amendoim;Outros;1;28,00;28,00;;
2026-05-31;31 MAIO 2026 ELIAS - FEIRA JUNH;Elias;Pedra sanitária;P. Sanitária;Limpeza;4;;;;
2026-05-31;31 MAIO 2026 ELIAS - FEIRA JUNH;Elias;Peito de frango;Peito de Frango;Carne;2;14,00;28,00;;
2026-05-31;31 MAIO 2026 ELIAS - FEIRA JUNH;Elias;Pimentão;Pimentao;Outros;1;;;;
2026-05-31;31 MAIO 2026 ELIAS - FEIRA JUNH;Elias;Prendedor de roupa;Pegador se roupa;Outros;2;;;;
2026-05-31;31 MAIO 2026 ELIAS - FEIRA JUNH;Elias;Quinó;Quinó;Outros;1;4,19;4,19;;
2026-05-31;31 MAIO 2026 ELIAS - FEIRA JUNH;Elias;Refil difusor essência;Refil Difusor Essência;Limpeza;2;25,00;50,00;;
2026-05-31;31 MAIO 2026 ELIAS - FEIRA JUNH;Elias;Sabão em pó Ypê;Sabão em pó Ypê;Limpeza;2;9,98;19,96;;
2026-05-31;31 MAIO 2026 ELIAS - FEIRA JUNH;Elias;Sabonete;Sabobete;Outros;1;13,49;13,49;;
2026-05-31;31 MAIO 2026 ELIAS - FEIRA JUNH;Elias;Saco de lixo;Saso de lixo;Limpeza;1;;;;
2026-05-31;31 MAIO 2026 ELIAS - FEIRA JUNH;Elias;Salgadinho;Salgadinho;Outros;2;;;;
2026-05-31;31 MAIO 2026 ELIAS - FEIRA JUNH;Elias;Sardinha;Sardinha;Carne;2;6,39;12,78;;
2026-05-31;31 MAIO 2026 ELIAS - FEIRA JUNH;Elias;Vela;Vela;Outros;1;3,50;3,50;;
2026-05-31;31 MAIO 2026 ELIAS - FEIRA JUNH;Elias;Wafer;Waffer;Outros;1;;;;
2026-07-07;7 JULHO 2026 ELIAS + CLAUDIA;Elias + Claudia;Açúcar;Açucar;Outros;1;12,98;12,98;;
2026-07-07;7 JULHO 2026 ELIAS + CLAUDIA;Elias + Claudia;Alho;Alho kg;Outros;1;3,00;3,00;;
2026-07-07;7 JULHO 2026 ELIAS + CLAUDIA;Elias + Claudia;Amaciante;Amaciente;Limpeza;1;;;A/👌;
2026-07-07;7 JULHO 2026 ELIAS + CLAUDIA;Elias + Claudia;Arroz;Arroz;Grãos;1;12,98;12,98;;
2026-07-07;7 JULHO 2026 ELIAS + CLAUDIA;Elias + Claudia;Batata;Batata;Outros;1;4,00;4,00;;
2026-07-07;7 JULHO 2026 ELIAS + CLAUDIA;Elias + Claudia;Biscoito recheado;Recheado;Outros;4;1,79;7,16;;
2026-07-07;7 JULHO 2026 ELIAS + CLAUDIA;Elias + Claudia;Bolacha;Bolacha;Outros;2;4,98;9,96;;
2026-07-07;7 JULHO 2026 ELIAS + CLAUDIA;Elias + Claudia;Café;Cafe;Outros;1;21,90;21,90;;
2026-07-07;7 JULHO 2026 ELIAS + CLAUDIA;Elias + Claudia;Calabresa;Calabresa;Carne;1;;;A/👌;
2026-07-07;7 JULHO 2026 ELIAS + CLAUDIA;Elias + Claudia;Calabresa;Calabresa;Carne;1;47,48;47,48;;
2026-07-07;7 JULHO 2026 ELIAS + CLAUDIA;Elias + Claudia;Cotonete;Contonete;Outros;1;;;;
2026-07-07;7 JULHO 2026 ELIAS + CLAUDIA;Elias + Claudia;Coxa e sobrecoxa;Coxa/SobreC;Carne;1;;;A/👌;
2026-07-07;7 JULHO 2026 ELIAS + CLAUDIA;Elias + Claudia;Creme capilar;Creme Capilar;Outros;1;;;A/👌;
2026-07-07;7 JULHO 2026 ELIAS + CLAUDIA;Elias + Claudia;Creme de barbear;Creme de Barbear;Outros;1;13,59;13,59;;
2026-07-07;7 JULHO 2026 ELIAS + CLAUDIA;Elias + Claudia;Creme de leite;C. de Leite;Outros;4;1,99;7,96;;
2026-07-07;7 JULHO 2026 ELIAS + CLAUDIA;Elias + Claudia;Detergente;Detergente;Limpeza;4;2,79;11,16;;Limpou pois n tinha Ype
2026-07-07;7 JULHO 2026 ELIAS + CLAUDIA;Elias + Claudia;Doce de goiaba;Doce de Goiaba;Outros;1;4,05;4,05;;
2026-07-07;7 JULHO 2026 ELIAS + CLAUDIA;Elias + Claudia;Empanado;Empanado;Carne;10;;;A/👌;
2026-07-07;7 JULHO 2026 ELIAS + CLAUDIA;Elias + Claudia;Ervilha/milho;Ervilha/milho;Grãos;2;2,25;4,50;;
2026-07-07;7 JULHO 2026 ELIAS + CLAUDIA;Elias + Claudia;Esponja;Esponja;Limpeza;1;3,99;3,99;;
2026-07-07;7 JULHO 2026 ELIAS + CLAUDIA;Elias + Claudia;Farinha láctea;farinha lactea;Outros;2;;;A/👌;
2026-07-07;7 JULHO 2026 ELIAS + CLAUDIA;Elias + Claudia;Feijão;Feijao;Grãos;2;8,98;17,96;;
2026-07-07;7 JULHO 2026 ELIAS + CLAUDIA;Elias + Claudia;Fermento químico;Fermento Químico;Outros;1;3,49;3,49;;
2026-07-07;7 JULHO 2026 ELIAS + CLAUDIA;Elias + Claudia;Fígado bovino;Figado B. (Kg);Carne;1;;;A/👌;
2026-07-07;7 JULHO 2026 ELIAS + CLAUDIA;Elias + Claudia;Filtro de café;Filtro de Café;Outros;2;3,99;7,98;;
2026-07-07;7 JULHO 2026 ELIAS + CLAUDIA;Elias + Claudia;Frango a passarinho;Frango a passarinho;Carne;2;6,98;13,96;;
2026-07-07;7 JULHO 2026 ELIAS + CLAUDIA;Elias + Claudia;Frisco;Frisco;Outros;6;0,65;3,90;;
2026-07-07;7 JULHO 2026 ELIAS + CLAUDIA;Elias + Claudia;Gelatina;Gelatina;Outros;4;;;A/👌;
2026-07-07;7 JULHO 2026 ELIAS + CLAUDIA;Elias + Claudia;Goma;Goma;Grãos;2;9,39;18,78;;
2026-07-07;7 JULHO 2026 ELIAS + CLAUDIA;Elias + Claudia;Kinnor;Kinnor;Outros;1;;;A/👌;
2026-07-07;7 JULHO 2026 ELIAS + CLAUDIA;Elias + Claudia;Laranja;Laranja;Outros;1;4,00;4,00;;
2026-07-07;7 JULHO 2026 ELIAS + CLAUDIA;Elias + Claudia;Leite;Leite;Outros;4;5,49;21,96;;
2026-07-07;7 JULHO 2026 ELIAS + CLAUDIA;Elias + Claudia;Leite condensado;Leite Cond.;Outros;2;3,85;7,70;;
2026-07-07;7 JULHO 2026 ELIAS + CLAUDIA;Elias + Claudia;Listerine;Listerine;Outros;1;;;A/👌;
2026-07-07;7 JULHO 2026 ELIAS + CLAUDIA;Elias + Claudia;Maçã;Maçã;Outros;2;;;A/👌;
2026-07-07;7 JULHO 2026 ELIAS + CLAUDIA;Elias + Claudia;Macarrão;Macarrão;Grãos;2;5,49;10,98;;
2026-07-07;7 JULHO 2026 ELIAS + CLAUDIA;Elias + Claudia;Macarrão lasanha;Macarrão Lasanha;Grãos;1;;;;
2026-07-07;7 JULHO 2026 ELIAS + CLAUDIA;Elias + Claudia;Manteiga;Manteiga;Outros;2;14,49;28,98;;
2026-07-07;7 JULHO 2026 ELIAS + CLAUDIA;Elias + Claudia;Miojo;Miojo;Grãos;4;1,15;4,60;;
2026-07-07;7 JULHO 2026 ELIAS + CLAUDIA;Elias + Claudia;Mistura bolo;Mistura Bolo;Outros;3;4,65;13,95;;
2026-07-07;7 JULHO 2026 ELIAS + CLAUDIA;Elias + Claudia;Molho de tomate;M. de Tomate;Outros;3;1,39;4,17;;
2026-07-07;7 JULHO 2026 ELIAS + CLAUDIA;Elias + Claudia;Molho shoyu;Molho Shoyu;Outros;1;2,89;2,89;;
2026-07-07;7 JULHO 2026 ELIAS + CLAUDIA;Elias + Claudia;Mortadela;mortadela;Carne;1;9,95;9,95;;
2026-07-07;7 JULHO 2026 ELIAS + CLAUDIA;Elias + Claudia;Óleo de cozinha;Oleo;Outros;1;6,78;6,78;;
2026-07-07;7 JULHO 2026 ELIAS + CLAUDIA;Elias + Claudia;Ovos (20 un);Ovos(20un);Outros;2;19,98;39,96;;
2026-07-07;7 JULHO 2026 ELIAS + CLAUDIA;Elias + Claudia;Pão de hambúrguer;Pão amburger;Outros;1;11,99;11,99;;
2026-07-07;7 JULHO 2026 ELIAS + CLAUDIA;Elias + Claudia;Pasta de dente M;P. de Dente M;Outros;1;;;A/👌;
2026-07-07;7 JULHO 2026 ELIAS + CLAUDIA;Elias + Claudia;Peito de frango;Peito de Frango;Carne;2;16,50;33,00;;
2026-07-07;7 JULHO 2026 ELIAS + CLAUDIA;Elias + Claudia;Pimentão;Pimentao;Outros;2;4,00;8,00;;
2026-07-07;7 JULHO 2026 ELIAS + CLAUDIA;Elias + Claudia;Pipoca;Pipoca;Grãos;2;2,99;5,98;;
2026-07-07;7 JULHO 2026 ELIAS + CLAUDIA;Elias + Claudia;Porta filtro;Porta filtro;Outros;1;11,49;11,49;;
2026-07-07;7 JULHO 2026 ELIAS + CLAUDIA;Elias + Claudia;Prestobarba;Prestobarba;Outros;1;17,90;17,90;;
2026-07-07;7 JULHO 2026 ELIAS + CLAUDIA;Elias + Claudia;Presunto;Presunto;Carne;1;7,00;7,00;;
2026-07-07;7 JULHO 2026 ELIAS + CLAUDIA;Elias + Claudia;Queijo;Queijo;Outros;1;;;;
2026-07-07;7 JULHO 2026 ELIAS + CLAUDIA;Elias + Claudia;Rodo;Rodo;Limpeza;1;;;A/👌;
2026-07-07;7 JULHO 2026 ELIAS + CLAUDIA;Elias + Claudia;Sabão em pó Ypê;Sabão em pó Ypê;Limpeza;1;;;A/👌;
2026-07-07;7 JULHO 2026 ELIAS + CLAUDIA;Elias + Claudia;Sabonete;Sabobete;Outros;12;1,79;21,48;;
2026-07-07;7 JULHO 2026 ELIAS + CLAUDIA;Elias + Claudia;Sal;Sal;Outros;1;1,69;1,69;;
2026-07-07;7 JULHO 2026 ELIAS + CLAUDIA;Elias + Claudia;Sazon;Sazon;Outros;1;5,79;5,79;;
2026-07-07;7 JULHO 2026 ELIAS + CLAUDIA;Elias + Claudia;Shampoo;shampoo;Outros;1;16,90;16,90;;
2026-07-07;7 JULHO 2026 ELIAS + CLAUDIA;Elias + Claudia;Sopão;Sopão;Outros;2;;;A/👌;
2026-07-07;7 JULHO 2026 ELIAS + CLAUDIA;Elias + Claudia;Tênis Pé Baruel (talco);TÊNIS PÉ BARUEL;Outros;1;;;A/👌;
2026-07-07;7 JULHO 2026 ELIAS + CLAUDIA;Elias + Claudia;Todinho;Todinho;Outros;3;6,00;18,00;;
2026-07-07;7 JULHO 2026 ELIAS + CLAUDIA;Elias + Claudia;Vassoura;Vassoura;Limpeza;1;7,25;7,25;;
2026-08-01;1 AGOSTO 2026 ELIAS;Elias;Açúcar;Açucar;Outros;6;;;;
2026-08-01;1 AGOSTO 2026 ELIAS;Elias;Adoçante gotas;Adoçante Gota;Outros;1;;;;
2026-08-01;1 AGOSTO 2026 ELIAS;Elias;Alho;Alho kg;Outros;0,4;;;;
2026-08-01;1 AGOSTO 2026 ELIAS;Elias;Amaciante;Amaciente;Limpeza;1;;;;
2026-08-01;1 AGOSTO 2026 ELIAS;Elias;Arroz;Arroz;Grãos;4;;;;
2026-08-01;1 AGOSTO 2026 ELIAS;Elias;Aveia;Aveia;Grãos;1;;;;
2026-08-01;1 AGOSTO 2026 ELIAS;Elias;Baygon (inseticida);Bayggon;Limpeza;2;;;;
2026-08-01;1 AGOSTO 2026 ELIAS;Elias;Bolacha;Bolacha;Outros;4;;;;
2026-08-01;1 AGOSTO 2026 ELIAS;Elias;Café;Cafe;Outros;3;;;;
2026-08-01;1 AGOSTO 2026 ELIAS;Elias;Cebola;Cebola (Kg);Outros;3;;;;
2026-08-01;1 AGOSTO 2026 ELIAS;Elias;Creme de barbear;Creme de Barbear;Outros;1;;;;
2026-08-01;1 AGOSTO 2026 ELIAS;Elias;Creme de leite;C. de Leite;Outros;6;;;;
2026-08-01;1 AGOSTO 2026 ELIAS;Elias;Detergente;Detergente;Limpeza;2;;;;Limpou pois n tinha Ype
2026-08-01;1 AGOSTO 2026 ELIAS;Elias;Ervilha/milho;Ervilha/milho;Grãos;2;;;;
2026-08-01;1 AGOSTO 2026 ELIAS;Elias;Farinha de trigo;F.Trigo;Grãos;2;;;;
2026-08-01;1 AGOSTO 2026 ELIAS;Elias;Fígado bovino;Figado B. (Kg);Carne;2;;;;
2026-08-01;1 AGOSTO 2026 ELIAS;Elias;Flocão de milho (cuscuz);Cucuz;Grãos;10;;;;
2026-08-01;1 AGOSTO 2026 ELIAS;Elias;Formitol (veneno formiga);Formitol - Veneno;Limpeza;1;;;;
2026-08-01;1 AGOSTO 2026 ELIAS;Elias;Goma;Goma;Grãos;2;;;;
2026-08-01;1 AGOSTO 2026 ELIAS;Elias;Kinnor;Kinnor;Outros;2;;;;
2026-08-01;1 AGOSTO 2026 ELIAS;Elias;Leite;Leite;Outros;3;;;;
2026-08-01;1 AGOSTO 2026 ELIAS;Elias;Maçã;Maçã;Outros;3;;;;
2026-08-01;1 AGOSTO 2026 ELIAS;Elias;Macarrão;Macarrão;Grãos;3;;;;
2026-08-01;1 AGOSTO 2026 ELIAS;Elias;Manteiga;Manteiga;Outros;1;;;;
2026-08-01;1 AGOSTO 2026 ELIAS;Elias;Milho verde;Milho Verde;Grãos;2;;;;
2026-08-01;1 AGOSTO 2026 ELIAS;Elias;Óleo de cozinha;Oleo;Outros;1;;;;
2026-08-01;1 AGOSTO 2026 ELIAS;Elias;Ovos (20 un);Ovos(20un);Outros;2;;;;
2026-08-01;1 AGOSTO 2026 ELIAS;Elias;Sabão em pó Ypê;Sabão em pó Ypê;Limpeza;1;;;;
2026-08-01;1 AGOSTO 2026 ELIAS;Elias;Sabonete;Sabobete;Outros;4;;;;
2026-08-01;1 AGOSTO 2026 ELIAS;Elias;Sabonete líquido;Sabonete líquido;Outros;1;;;;
2026-08-01;1 AGOSTO 2026 ELIAS;Elias;Sal;Sal;Outros;1;;;;
2026-09-07;07 SETEMBRO 2026 ELIAS;Elias;Açúcar;Açucar;Outros;5;2,98;14,90;;
2026-09-07;07 SETEMBRO 2026 ELIAS;Elias;Água sanitária;Água sanitária;Limpeza;1;;;;
2026-09-07;07 SETEMBRO 2026 ELIAS;Elias;Alho;Alho kg;Outros;2;;;;
2026-09-07;07 SETEMBRO 2026 ELIAS;Elias;Amendoim;Amendoim;Grãos;2;;;;
2026-09-07;07 SETEMBRO 2026 ELIAS;Elias;Antitranspirante;Antitranspirante;Outros;1;;;;
2026-09-07;07 SETEMBRO 2026 ELIAS;Elias;Arroz;Arroz;Grãos;6;3,65;21,90;;
2026-09-07;07 SETEMBRO 2026 ELIAS;Elias;Aveia;Aveia;Grãos;2;11,99;23,98;;
2026-09-07;07 SETEMBRO 2026 ELIAS;Elias;Azeitona verde;Azeitona Verde;Outros;1;;;;
2026-09-07;07 SETEMBRO 2026 ELIAS;Elias;Batata;Batata;Outros;2;;;;
2026-09-07;07 SETEMBRO 2026 ELIAS;Elias;Baygon (inseticida);Bayggon;Limpeza;2;;;;
2026-09-07;07 SETEMBRO 2026 ELIAS;Elias;Bolacha;Bolacha;Outros;4;4,00;16,00;;
2026-09-07;07 SETEMBRO 2026 ELIAS;Elias;Bombril;Bombril;Limpeza;1;;;;
2026-09-07;07 SETEMBRO 2026 ELIAS;Elias;Café;Cafe;Outros;3;10,98;32,94;;
2026-09-07;07 SETEMBRO 2026 ELIAS;Elias;Calabresa;Calabresa;Carne;1;;;;
2026-09-07;07 SETEMBRO 2026 ELIAS;Elias;Carne de lata;Carne de Lata;Carne;1;;;;
2026-09-07;07 SETEMBRO 2026 ELIAS;Elias;Cebola;Cebola (Kg);Outros;4;;;;
2026-09-07;07 SETEMBRO 2026 ELIAS;Elias;Chimichurri;Chimichurri;Outros;1;;;;
2026-09-07;07 SETEMBRO 2026 ELIAS;Elias;Creme capilar;Creme Capilar;Outros;1;;;;
2026-09-07;07 SETEMBRO 2026 ELIAS;Elias;Creme de barbear;Creme de Barbear;Outros;1;;;;
2026-09-07;07 SETEMBRO 2026 ELIAS;Elias;Creme de leite;C. de Leite;Outros;2;;;;
2026-09-07;07 SETEMBRO 2026 ELIAS;Elias;Detergente;Detergente;Limpeza;4;2,95;11,80;;
2026-09-07;07 SETEMBRO 2026 ELIAS;Elias;Empanado;Empanado;Carne;6;;;;
2026-09-07;07 SETEMBRO 2026 ELIAS;Elias;Ervilha/milho;Ervilha/milho;Grãos;2;3,59;7,18;;
2026-09-07;07 SETEMBRO 2026 ELIAS;Elias;Essência (aromatizador);Essência;Limpeza;1;;;;
2026-09-07;07 SETEMBRO 2026 ELIAS;Elias;Essência de baunilha;Essência Balnilha;Outros;1;;;;
2026-09-07;07 SETEMBRO 2026 ELIAS;Elias;Farinha de trigo;F.Trigo;Grãos;3;3,65;10,95;;
2026-09-07;07 SETEMBRO 2026 ELIAS;Elias;Farinha de trigo c/ fermento;F.Trigo C/ Ferm;Grãos;1;4,39;4,39;;
2026-09-07;07 SETEMBRO 2026 ELIAS;Elias;Feijão;Feijao;Grãos;1;6,35;6,35;;
2026-09-07;07 SETEMBRO 2026 ELIAS;Elias;Fermento químico;Fermento Químico;Outros;1;;;;
2026-09-07;07 SETEMBRO 2026 ELIAS;Elias;Fígado bovino;Figado B. (Kg);Carne;1;;;;
2026-09-07;07 SETEMBRO 2026 ELIAS;Elias;Flocão de milho (cuscuz);Cucuz;Grãos;10;;;;
2026-09-07;07 SETEMBRO 2026 ELIAS;Elias;Gilete;gilete;Outros;2;5,49;10,98;;
2026-09-07;07 SETEMBRO 2026 ELIAS;Elias;Hidratante;hidratante;Outros;1;;;;
2026-09-07;07 SETEMBRO 2026 ELIAS;Elias;Ketchup;catchup;Outros;1;;;;
2026-09-07;07 SETEMBRO 2026 ELIAS;Elias;Kinnor;Kinnor;Outros;1;;;;
2026-09-07;07 SETEMBRO 2026 ELIAS;Elias;Laranja;Laranja;Outros;1;;;;
2026-09-07;07 SETEMBRO 2026 ELIAS;Elias;Leite em pó;Leite em po;Outros;3;22,98;68,94;;
2026-09-07;07 SETEMBRO 2026 ELIAS;Elias;Lemon pepper;Lemon Piper;Outros;1;;;;
2026-09-07;07 SETEMBRO 2026 ELIAS;Elias;Listerine;Listerine;Outros;1;;;;
2026-09-07;07 SETEMBRO 2026 ELIAS;Elias;Maçã;Maçã;Outros;4;;;;
2026-09-07;07 SETEMBRO 2026 ELIAS;Elias;Macarrão;Macarrão;Grãos;6;1,78;10,68;;
2026-09-07;07 SETEMBRO 2026 ELIAS;Elias;Macarrão parafuso;Macarrão Parafuso;Grãos;1;;;;
2026-09-07;07 SETEMBRO 2026 ELIAS;Elias;Manteiga;Manteiga;Outros;1;;;;
2026-09-07;07 SETEMBRO 2026 ELIAS;Elias;Miojo;Miojo;Grãos;8;;;;
2026-09-07;07 SETEMBRO 2026 ELIAS;Elias;Molho de tomate;M. de Tomate;Outros;2;;;;
2026-09-07;07 SETEMBRO 2026 ELIAS;Elias;Mortadela;mortadela;Carne;1;;;;
2026-09-07;07 SETEMBRO 2026 ELIAS;Elias;Óleo de cozinha;Oleo;Outros;1;7,88;7,88;;
2026-09-07;07 SETEMBRO 2026 ELIAS;Elias;Óleo Mobil;Óleo Mobile;Outros;1;;;;
2026-09-07;07 SETEMBRO 2026 ELIAS;Elias;Ovos (20 un);Ovos(20un);Outros;4;11,00;44,00;;
2026-09-07;07 SETEMBRO 2026 ELIAS;Elias;Pasta de dente M;P. de Dente M;Outros;1;16,99;16,99;;
2026-09-07;07 SETEMBRO 2026 ELIAS;Elias;Pedra sanitária;P. Sanitária;Limpeza;4;;;;
2026-09-07;07 SETEMBRO 2026 ELIAS;Elias;Pipoca;Pipoca;Grãos;1;;;;
2026-09-07;07 SETEMBRO 2026 ELIAS;Elias;Prendedor de roupa;Pegador se roupa;Outros;2;;;;
2026-09-07;07 SETEMBRO 2026 ELIAS;Elias;Presunto;Presunto;Carne;1;;;;
2026-09-07;07 SETEMBRO 2026 ELIAS;Elias;Quinó;Quinó;Outros;1;5,00;5,00;;
2026-09-07;07 SETEMBRO 2026 ELIAS;Elias;Sabão em pó Ypê;Sabão em pó Ypê;Limpeza;1;25,65;25,65;;
2026-09-07;07 SETEMBRO 2026 ELIAS;Elias;Sabão líquido;Sabão líquido;Limpeza;1;18,48;18,48;;
2026-09-07;07 SETEMBRO 2026 ELIAS;Elias;Sabonete;Sabobete;Outros;4;3,98;15,92;;
2026-09-07;07 SETEMBRO 2026 ELIAS;Elias;Sabonete líquido;Sabonete líquido;Outros;1;;;;
2026-09-07;07 SETEMBRO 2026 ELIAS;Elias;Saco de lixo;Saso de lixo;Limpeza;1;26,00;26,00;;
2026-09-07;07 SETEMBRO 2026 ELIAS;Elias;Sal;Sal;Outros;1;;;;
2026-09-07;07 SETEMBRO 2026 ELIAS;Elias;Salgadinho;Salgadinho;Outros;1;;;;
2026-09-07;07 SETEMBRO 2026 ELIAS;Elias;Sardinha;Sardinha;Carne;2;4,99;9,98;;
2026-09-07;07 SETEMBRO 2026 ELIAS;Elias;Shampoo;shampoo;Outros;1;13,49;13,49;;
2026-09-07;07 SETEMBRO 2026 ELIAS;Elias;Tênis Pé Baruel (talco);TÊNIS PÉ BARUEL;Outros;1;;;;
2026-09-07;07 SETEMBRO 2026 ELIAS;Elias;Vassoura;Vassoura;Limpeza;1;14,99;14,99;;
2026-09-07;07 SETEMBRO 2026 ELIAS;Elias;Wafer;Waffer;Outros;1;;;;
